timestamp,Breath
2026-07-15 13:00:00,-0.005784397078571035
2026-07-15 14:00:00,-0.07211260193944014
2026-07-15 15:00:00,-0.10442905901631494
2026-07-15 16:00:00,-0.08514534125147522
2026-07-15 17:00:00,-0.15795804530017932
2026-07-15 18:00:00,-0.18018902424473138
2026-07-15 19:00:00,-0.2796901375741927
2026-07-15 20:00:00,-0.1862188034662905
2026-07-15 21:00:00,-0.2777923731325208
2026-07-15 22:00:00,-0.19283444685320394
2026-07-15 23:00:00,-0.27721513879503745
2026-07-16 08:00:00,-0.29913097263758115
2026-07-16 11:00:00,-0.0469291274432575
2026-07-16 12:00:00,-0.009741764086709681
2026-07-16 13:00:00,0.13568583207384233
2026-07-16 14:00:00,0.16923025993932272
2026-07-16 15:00:00,-0.18193590938613047
2026-07-16 16:00:00,0.3860003858774943
2026-07-16 17:00:00,0.41520097193219296
2026-07-16 18:00:00,0.27428607529936055
2026-07-16 19:00:00,0.24617275153496543
2026-07-16 20:00:00,0.20829400800755815
2026-07-16 21:00:00,0.19427404156751282
2026-07-16 22:00:00,0.016128004748926283
2026-07-16 23:00:00,0.04873109103955353
2026-07-17 08:00:00,0.2750006433291021
2026-07-17 09:00:00,0.3036814705265536
2026-07-17 11:00:00,0.3944377585569072
2026-07-17 12:00:00,0.2805918898011053
2026-07-17 13:00:00,0.1973288084428626
2026-07-17 14:00:00,0.28860149613263
2026-07-17 15:00:00,0.2824645614503647
2026-07-17 16:00:00,0.14297486533640202
2026-07-17 17:00:00,0.1297424742443003
2026-07-17 18:00:00,0.1440744819444646
2026-07-17 19:00:00,0.19363690293828095
2026-07-17 20:00:00,0.09743128590526617
2026-07-17 21:00:00,0.17990255828473845
2026-07-17 22:00:00,0.02896199218924056
2026-07-17 23:00:00,-0.00841782926160739
2026-07-20 08:00:00,0.02017038805416882
2026-07-20 10:00:00,0.1976467401576938
2026-07-20 11:00:00,0.2525371278503923
2026-07-20 12:00:00,0.07736152063431567
2026-07-20 13:00:00,-0.1327977248858242
2026-07-20 14:00:00,-0.06079569774396565
2026-07-20 15:00:00,-0.027988389968864436
2026-07-20 16:00:00,-0.018353097632394677
2026-07-20 17:00:00,-0.10092718236570386
2026-07-20 18:00:00,-0.01901932557899466
2026-07-20 19:00:00,0.022106159949271564
2026-07-20 20:00:00,0.03509808398793757
2026-07-20 21:00:00,-0.1313396102321095
2026-07-20 22:00:00,0.01604812653011156
2026-07-20 23:00:00,-0.02625670090960719
2026-07-21 08:00:00,-0.1843657129147166
2026-07-21 09:00:00,-0.1872085004345816
2026-07-21 10:00:00,-0.42247623409685253
2026-07-21 11:00:00,-0.20213294922816993
2026-07-21 12:00:00,-0.32123196175608215
2026-07-21 13:00:00,-0.37092146267091397
2026-07-21 14:00:00,-0.3438052037914854
2026-07-21 15:00:00,-0.29095743846332667
2026-07-21 16:00:00,-0.3634840505570621
2026-07-21 17:00:00,-0.31726579764497165
2026-07-21 18:00:00,-0.32394467960112405
2026-07-21 19:00:00,-0.2066374430435889
2026-07-21 20:00:00,-0.3614745690055252
2026-07-21 23:00:00,-0.2151462019711744
2026-07-22 08:00:00,-0.4697675064389243
2026-07-22 13:00:00,-0.1754256134304566
2026-07-22 14:00:00,-0.3520261371008211
2026-07-22 15:00:00,-0.43033326423643825
2026-07-22 16:00:00,-0.16017199220595768
2026-07-22 17:00:00,-0.31429982297229697
2026-07-22 18:00:00,-0.3467553036783605
2026-07-22 19:00:00,-0.349396990350305
2026-07-22 20:00:00,-0.3223774176594032
2026-07-22 21:00:00,-0.3651943684965405
2026-07-22 22:00:00,-0.5251633972580971
2026-07-22 23:00:00,-0.5242937998926726
2026-07-23 08:00:00,-0.7641920357536917
2026-07-23 11:00:00,-0.631442080193874
2026-07-23 12:00:00,-0.41178043492173566
2026-07-23 13:00:00,-0.24680962693051056
2026-07-23 14:00:00,-0.23807081450270207
2026-07-23 15:00:00,-0.3061822665948457
2026-07-23 16:00:00,-0.059875508757663454
2026-07-23 17:00:00,-0.19560101093714588
2026-07-23 18:00:00,-0.19595523291776162
2026-07-23 19:00:00,-0.2011001114851072
2026-07-23 20:00:00,-0.2461776911465583
2026-07-23 21:00:00,-0.2896560011338253
2026-07-23 22:00:00,-0.41553062125940954
2026-07-23 23:00:00,-0.35888236389756434
2026-07-24 08:00:00,-0.38531222915667884
2026-07-24 11:00:00,-0.28438903372757673
2026-07-24 12:00:00,-0.29091173788852553
2026-07-24 13:00:00,-0.1066775518276436
2026-07-24 14:00:00,0.23634248068171315
2026-07-24 15:00:00,0.03721059572762808
2026-07-24 16:00:00,0.23640425822430888
2026-07-24 17:00:00,-0.037870150329544106
2026-07-24 18:00:00,-0.11047146703344846
2026-07-24 19:00:00,-0.04880571014180457
2026-07-24 20:00:00,-0.05979990701932725
2026-07-24 21:00:00,-0.02043005112487295
2026-07-24 22:00:00,-0.2413582267508989
2026-07-27 08:00:00,-0.09734894440382347
2026-07-27 10:00:00,0.08551970785534402
2026-07-27 11:00:00,0.24646709746392692
2026-07-27 12:00:00,0.33676680699835426
2026-07-27 13:00:00,0.29931220375688383
2026-07-27 14:00:00,0.11759605425818576
2026-07-27 15:00:00,0.010008439425319704
2026-07-27 16:00:00,0.04976591212504067
2026-07-27 17:00:00,0.0012928552552951
2026-07-27 18:00:00,-0.036798008140000005
2026-07-27 19:00:00,-0.03768602715220237
2026-07-27 20:00:00,-0.030505224250719776
2026-07-27 21:00:00,-0.01277029256381601
2026-07-27 22:00:00,-0.04120451449765561
2026-07-27 23:00:00,0.24222241468385275
2026-07-28 08:00:00,0.19692042119865438
2026-07-28 09:00:00,0.321480679972723
2026-07-28 11:00:00,0.40762741127973245
2026-07-28 12:00:00,0.5489601150310419
2026-07-28 13:00:00,0.4451158739735217
2026-07-28 14:00:00,0.2849491225504175
2026-07-28 15:00:00,0.21727670565657453
2026-07-28 16:00:00,0.11077939457490849
2026-07-28 17:00:00,-0.02887869607115734
2026-07-28 18:00:00,0.18155901211544978
2026-07-28 19:00:00,0.20788619275187936
2026-07-28 20:00:00,0.1417924785307485
2026-07-28 21:00:00,0.09117881401283867
2026-07-28 22:00:00,0.20461323524377417
2026-07-28 23:00:00,0.1676222607126372
2026-07-29 08:00:00,0.374687413573096
2026-07-29 11:00:00,0.3667304670839968
2026-07-29 12:00:00,0.05270014049693006
2026-07-29 13:00:00,0.20402031319425928
2026-07-29 14:00:00,0.22416264123824603
2026-07-29 15:00:00,0.24059968356517958
2026-07-29 16:00:00,0.22925675206200768
2026-07-29 17:00:00,0.24850162580221458
2026-07-29 18:00:00,0.16749247836128545
2026-07-29 19:00:00,0.0012321947838656033
2026-07-29 20:00:00,0.07813427910299997
2026-07-29 21:00:00,-0.08106377442098234
2026-07-29 22:00:00,-0.2414524875669064
2026-07-29 23:00:00,0.0777560200844547
2026-07-30 08:00:00,-0.27626382768600255
2026-07-30 11:00:00,-0.20348985092233418
2026-07-30 12:00:00,-0.23206605137117176
2026-07-30 13:00:00,-0.37620625704070976
2026-07-30 14:00:00,-0.6987031649564275
2026-07-30 15:00:00,-0.7001369044663105
2026-07-30 16:00:00,-0.6338509346767716
2026-07-30 17:00:00,-0.6727905973284489
2026-07-30 18:00:00,-0.5494252824637135
2026-07-30 19:00:00,-0.6008932022274565
2026-07-30 20:00:00,-0.5795241879443884
2026-07-30 21:00:00,-0.8005873279622389
2026-07-30 22:00:00,-0.6741979196876333
2026-07-30 23:00:00,-0.5560747653583391
2026-07-31 08:00:00,-1.0
2026-07-31 10:00:00,-0.645136690385202
2026-07-31 11:00:00,-0.8140200450211664
2026-07-31 12:00:00,-0.7905992805753668
2026-07-31 13:00:00,-0.41676348382618644
2026-07-31 14:00:00,-0.4414335613193584
2026-07-31 15:00:00,-0.5058047683159077
2026-07-31 16:00:00,-0.43911329617867356
2026-07-31 17:00:00,-0.41107956781623645
2026-07-31 18:00:00,-0.3646736354352872
2026-07-31 19:00:00,-0.13360098234830375
2026-07-31 20:00:00,0.06426195825698211
2026-07-31 21:00:00,0.15441940303478874
2026-07-31 23:00:00,0.13973995143260298
2026-08-03 08:00:00,0.0018867676942546652
2026-08-03 10:00:00,0.02075395651691392
2026-08-03 11:00:00,0.19625943686470704
2026-08-03 12:00:00,0.25640628280006394
2026-08-03 13:00:00,0.3287433831649653
2026-08-03 14:00:00,0.5481860375673533
2026-08-03 15:00:00,0.6419162953101019
2026-08-03 16:00:00,0.8196303494256831
2026-08-03 17:00:00,0.8262662831559946
2026-08-03 18:00:00,0.7273092477246434
2026-08-03 19:00:00,0.7250952818917022
2026-08-03 20:00:00,0.6986472212351609
2026-08-03 21:00:00,0.5986496404560846
2026-08-03 22:00:00,0.833783187465595
2026-08-03 23:00:00,0.7135577688543928
2026-08-04 08:00:00,0.5937442250933274
2026-08-04 10:00:00,1.0
2026-08-04 11:00:00,0.9296954518993008
2026-08-04 12:00:00,0.6736806379192477
2026-08-04 13:00:00,0.4735379054284863
2026-08-04 14:00:00,0.43286943775661935
2026-08-04 15:00:00,0.46773909678115433
2026-08-04 16:00:00,0.5667469965527434
2026-08-04 17:00:00,0.5197806582724296
2026-08-04 18:00:00,0.5070123999670424
2026-08-04 19:00:00,0.4667261036079151
2026-08-04 20:00:00,0.2586457221394709
2026-08-04 21:00:00,0.023111480970971376
2026-08-04 22:00:00,0.09389318862240836
2026-08-04 23:00:00,0.1483626637742117
2026-08-05 08:00:00,0.44200410796130374
2026-08-05 10:00:00,0.21367751198671647
2026-08-05 11:00:00,0.1126954252640715
2026-08-05 12:00:00,0.34991540331764304
2026-08-05 13:00:00,0.20008736280753792
2026-08-05 14:00:00,0.07016909581385256
2026-08-05 15:00:00,-0.07130572447520211
2026-08-05 16:00:00,-0.12899188187354438
2026-08-05 17:00:00,-0.11739283177653737
2026-08-05 18:00:00,-0.06749006463313734
2026-08-05 19:00:00,-0.057601560578628974
2026-08-05 20:00:00,-0.04391979108321242
2026-08-05 21:00:00,0.027316793102826864
2026-08-05 22:00:00,-0.04039891754837255
2026-08-05 23:00:00,0.022994963306528504
2026-08-06 08:00:00,0.04142527423166831
2026-08-06 10:00:00,-0.10306966041226684
2026-08-06 11:00:00,0.11325185138525828
2026-08-06 12:00:00,-0.006480621433977318
2026-08-06 13:00:00,0.24014573628963487
2026-08-06 14:00:00,-0.04212095776127622
2026-08-06 15:00:00,-0.13923594420768937
2026-08-06 16:00:00,-0.09411800842116802
2026-08-06 17:00:00,-0.14762743380845944
2026-08-06 18:00:00,-0.14077926365826365
2026-08-06 19:00:00,-0.10079064589317821
2026-08-06 20:00:00,-0.03427481819709621
2026-08-06 21:00:00,0.017338059805957373
2026-08-06 22:00:00,-0.16036458515636443
2026-08-06 23:00:00,0.004470943439274899
2026-08-07 08:00:00,0.07452350699397425
2026-08-07 09:00:00,-0.21767937929252246
2026-08-07 11:00:00,-0.11183690403506208
2026-08-07 12:00:00,-0.5097902569893307
2026-08-07 13:00:00,-0.4640164467067833
2026-08-07 14:00:00,-0.31851723081457506
2026-08-07 15:00:00,-0.19232498901193196
2026-08-07 16:00:00,-0.19082694014968904
2026-08-07 17:00:00,-0.2797652218943779
2026-08-07 18:00:00,-0.31639215009299293
2026-08-07 19:00:00,-0.28381195887763977
2026-08-07 20:00:00,-0.2859666552581499
2026-08-07 21:00:00,-0.4486230527092955
2026-08-07 22:00:00,-0.34903805221209583
2026-08-07 23:00:00,-0.4136344842384616
2026-08-10 08:00:00,-0.15945411624802142
2026-08-10 09:00:00,-0.2400072762049723
2026-08-10 11:00:00,-0.5135405439791848
2026-08-10 12:00:00,-0.3116941794004455
2026-08-10 13:00:00,-0.1729044142238979
2026-08-10 14:00:00,-0.03510049877641519
2026-08-10 15:00:00,-0.02027320021989021
2026-08-10 16:00:00,-0.06641535568880708
2026-08-10 17:00:00,-0.09877892658940313
2026-08-10 18:00:00,-0.09976183704885044
2026-08-10 19:00:00,-0.13170813183272778
2026-08-10 20:00:00,-0.07310597287371334
2026-08-10 21:00:00,-0.03555667457921541
2026-08-10 22:00:00,0.029034088932637925
2026-08-10 23:00:00,-0.15620102562100668
2026-08-11 08:00:00,-0.2674894272433974
2026-08-11 09:00:00,-0.10065578418332122
2026-08-11 11:00:00,0.05205411492200063
2026-08-11 12:00:00,0.24182839181011828
2026-08-11 13:00:00,0.08034112000698257
2026-08-11 14:00:00,-0.08313556174127978
2026-08-11 15:00:00,-0.11087852265945441
2026-08-11 16:00:00,-0.10319569099310999
2026-08-11 17:00:00,-0.05840221427505743
2026-08-11 18:00:00,-0.02162037789329141
2026-08-11 19:00:00,-0.0805891129001366
2026-08-11 20:00:00,-0.04179792296611107
2026-08-11 21:00:00,0.027750358258358476
2026-08-11 22:00:00,-0.05579804613249029
2026-08-12 08:00:00,-0.1398411596958985
2026-08-12 09:00:00,-0.30225078351747114
2026-08-12 10:00:00,-0.20308471415131713
2026-08-12 11:00:00,-0.29372877193463576
2026-08-12 12:00:00,-0.14618278065632884
2026-08-12 13:00:00,-0.398391695972369
2026-08-12 14:00:00,-0.4538183607214018
2026-08-12 15:00:00,-0.3854588181535098
2026-08-12 16:00:00,-0.34643250234617473
2026-08-12 17:00:00,-0.3149647468162756
2026-08-12 18:00:00,-0.3335985189104622
2026-08-12 19:00:00,-0.33035788692002144
2026-08-12 20:00:00,-0.4180364998429317
2026-08-12 21:00:00,-0.38537484507832076
2026-08-13 08:00:00,-0.5545522741994551
2026-08-13 10:00:00,-0.3854233064360961
2026-08-13 11:00:00,-0.500125545421336
2026-08-13 12:00:00,-0.23694855336190557
2026-08-13 13:00:00,-0.25802124171121477
2026-08-13 14:00:00,-0.13457039007753735
2026-08-13 15:00:00,-0.15010948282314673
2026-08-13 16:00:00,-0.10111037999210493
2026-08-13 17:00:00,-0.13837327662762255
2026-08-13 18:00:00,-0.08292331961307031
2026-08-13 19:00:00,-0.09585149545740035
2026-08-13 20:00:00,-0.0810328472407279
2026-08-13 21:00:00,-0.2805462010891323
2026-08-13 22:00:00,-0.16141144778844174
2026-08-13 23:00:00,-0.09346123032536713
2026-08-14 08:00:00,-0.07111451434825222
2026-08-14 09:00:00,-0.06447392841870359
2026-08-14 11:00:00,0.02866367462943087
2026-08-14 12:00:00,-0.04183847313707689
2026-08-14 13:00:00,0.1857188101024836
2026-08-14 14:00:00,0.048499577167727015
2026-08-14 15:00:00,0.0736964857977136
2026-08-14 16:00:00,0.10107830275468266
2026-08-14 17:00:00,0.04720409219981425
2026-08-14 18:00:00,0.019545004771029273
2026-08-14 19:00:00,0.009543961984545435
2026-08-14 20:00:00,-0.023182482536861282
2026-08-14 21:00:00,-0.05562239470197616
2026-08-14 22:00:00,0.008230502724588584
2026-08-14 23:00:00,0.09756768142309102
2026-08-17 08:00:00,0.017965457321363898
2026-08-17 10:00:00,0.04975217295054657
2026-08-17 11:00:00,-0.010184781235129337
2026-08-17 12:00:00,-0.023700097528376984
2026-08-17 13:00:00,-0.1545459811097024
2026-08-17 14:00:00,-0.3233343943949397
2026-08-17 15:00:00,-0.2728111481821688
2026-08-17 16:00:00,-0.30834805066532844
2026-08-17 17:00:00,-0.2600546186814877
2026-08-17 18:00:00,-0.2850303565262827
2026-08-17 19:00:00,-0.30112964534437625
2026-08-17 20:00:00,-0.3164761364262201
2026-08-17 21:00:00,-0.1188059570039387
2026-08-17 22:00:00,-0.3706594748244876
2026-08-17 23:00:00,-0.32781477266447245
2026-08-18 08:00:00,-0.3947805655893567
2026-08-18 09:00:00,-0.13906829819512467
2026-08-18 10:00:00,-0.2623698309146444
2026-08-18 11:00:00,-0.14937502582571416
2026-08-18 12:00:00,-0.24164772991921946
2026-08-18 13:00:00,-0.12495326135072327
2026-08-18 14:00:00,-0.024951658830326573
2026-08-18 15:00:00,0.09548485731681744
2026-08-18 16:00:00,0.11301625705079221
2026-08-18 17:00:00,0.0849340515113095
2026-08-18 18:00:00,0.1377271003586833
2026-08-18 19:00:00,0.1643868487386444
2026-08-18 20:00:00,0.18331385639843512
2026-08-18 21:00:00,0.07749493631623094
2026-08-18 22:00:00,0.1153149167720513
2026-08-18 23:00:00,0.20843744719973967
2026-08-19 08:00:00,0.3095338479100316
2026-08-19 10:00:00,0.3009314068795592
2026-08-19 11:00:00,0.11040599187150568
2026-08-19 12:00:00,0.29437460789900216
2026-08-19 13:00:00,0.15521525386700263
2026-08-19 14:00:00,0.2048534840073044
2026-08-19 15:00:00,0.28170530458619747
2026-08-19 16:00:00,0.26374608728777615
2026-08-19 17:00:00,0.19458749099336137
2026-08-19 18:00:00,0.24987633440943258
2026-08-19 19:00:00,0.17397107696620773
2026-08-19 20:00:00,0.13433434313445503
2026-08-19 21:00:00,0.2707212420641898
2026-08-19 23:00:00,0.29367938592152454
2026-08-20 08:00:00,0.3283322372514281
2026-08-20 09:00:00,-0.09412573724980167
2026-08-20 11:00:00,-0.06810052987121518
2026-08-20 12:00:00,0.024045496032918834
2026-08-20 13:00:00,0.05265811337443682
2026-08-20 14:00:00,-0.021517910926281747
2026-08-20 15:00:00,-0.21681434485729334
2026-08-20 16:00:00,-0.3060588192579986
2026-08-20 17:00:00,-0.3297089142145664
2026-08-20 18:00:00,-0.37148723661578287
2026-08-20 19:00:00,-0.4778554444124634
2026-08-20 20:00:00,-0.580033019026029
2026-08-20 22:00:00,-0.7327361658393672
2026-08-20 23:00:00,-0.4450600896336092
2026-08-21 08:00:00,-0.4835048827381879
2026-08-21 09:00:00,-0.5564988846353285
2026-08-21 11:00:00,-0.6490545091170702
2026-08-21 12:00:00,-0.44704777144089014
2026-08-21 13:00:00,-0.5627948866130639
2026-08-21 14:00:00,-0.7147759029195213
2026-08-21 15:00:00,-0.43616127534603455
2026-08-21 16:00:00,-0.4996684545005975
2026-08-21 17:00:00,-0.5702735131699922
2026-08-21 18:00:00,-0.6009965360045191
2026-08-21 19:00:00,-0.5255698965067811
2026-08-21 20:00:00,-0.5716970886486046
2026-08-21 21:00:00,-0.5347748783321346
2026-08-21 22:00:00,-0.5182773182721844
2026-08-21 23:00:00,-0.37396871797470854
2026-08-24 08:00:00,-0.45840300494585395
2026-08-24 09:00:00,-0.1799324636234617
2026-08-24 10:00:00,-0.13353881175345905
2026-08-24 11:00:00,-0.23068607181381506
2026-08-24 12:00:00,-0.29717214619528365
2026-08-24 13:00:00,-0.27055571928322075
2026-08-24 14:00:00,-0.2370137738859508
2026-08-24 15:00:00,-0.15715492533823427
2026-08-24 16:00:00,-0.16958542747633676
2026-08-24 17:00:00,-0.1725598945399538
2026-08-24 18:00:00,-0.12309240063529414
2026-08-24 19:00:00,-0.056711626715765795
2026-08-24 20:00:00,0.01554962331008758
2026-08-24 21:00:00,0.1784172723578965
2026-08-24 22:00:00,-0.06933195334602682
2026-08-24 23:00:00,-0.06272437311307244
2026-08-25 08:00:00,0.08926149656779381
2026-08-25 09:00:00,-0.019506415347606998
2026-08-25 11:00:00,-0.19679821512181128
2026-08-25 12:00:00,0.0302325085429056
2026-08-25 13:00:00,-0.014590188116609726
2026-08-25 14:00:00,-0.12712651521717688
2026-08-25 15:00:00,-0.13352544172965009
2026-08-25 16:00:00,-0.10023367077729695
2026-08-25 17:00:00,-0.07655964637508883
2026-08-25 18:00:00,-0.11976913913209253
2026-08-25 19:00:00,-0.101028966081264
2026-08-25 20:00:00,-0.06509928706280088
2026-08-25 21:00:00,-0.08221178450797295
2026-08-25 23:00:00,-0.15050341152629787
2026-08-26 08:00:00,-0.3071861300618812
2026-08-26 11:00:00,-0.42688419144479006
2026-08-26 12:00:00,-0.34149919225895875
2026-08-26 13:00:00,-0.19077348620277346
2026-08-26 14:00:00,-0.15679677759457877
2026-08-26 15:00:00,-0.20372047249053282
2026-08-26 16:00:00,-0.2928448322206173
2026-08-26 17:00:00,-0.25150737800181133
2026-08-26 18:00:00,-0.250919487956512
2026-08-26 19:00:00,-0.17684663768365116
2026-08-26 20:00:00,-0.23863675178462063
2026-08-26 21:00:00,0.0025291413566694843
2026-08-26 22:00:00,-0.02608530763226513
2026-08-26 23:00:00,-0.0009066027774740082
2026-08-27 08:00:00,-0.16373835302199713
2026-08-27 11:00:00,-0.07774741666153617
2026-08-27 12:00:00,-0.11755093069229783
2026-08-27 13:00:00,0.036334508522800846
2026-08-27 14:00:00,0.2708995592439081
2026-08-27 15:00:00,0.18304636503713456
2026-08-27 16:00:00,0.20367340325922978
2026-08-27 17:00:00,0.29108482550678527
2026-08-27 18:00:00,0.24816741766311456
2026-08-27 19:00:00,0.23452813350349566
2026-08-27 20:00:00,0.2616487195781163
2026-08-27 21:00:00,0.2187448860881005
2026-08-27 22:00:00,0.19776575382749884
2026-08-27 23:00:00,0.18104638984390342
2026-08-28 08:00:00,0.2330416038860681
2026-08-28 10:00:00,0.07797404812390574
2026-08-28 11:00:00,0.32954245593322384
2026-08-28 12:00:00,0.3091703911187491
2026-08-28 13:00:00,0.40105504265883885
2026-08-28 14:00:00,0.41441294547931684
2026-08-28 15:00:00,0.440824676718234
2026-08-28 16:00:00,0.41512851002817985
2026-08-28 17:00:00,0.4430464986222076
2026-08-28 18:00:00,0.3756216588707939
2026-08-28 19:00:00,0.3573230988580973
2026-08-28 20:00:00,0.27295077883271035
2026-08-28 21:00:00,0.15915522956407613
2026-08-28 22:00:00,0.0860610410876228
2026-08-31 08:00:00,-0.13192591483823968
2026-08-31 09:00:00,-0.06125233690352294
2026-08-31 10:00:00,0.24229388103275018
2026-08-31 11:00:00,-0.005574522127097303
2026-08-31 12:00:00,0.09857329886789423
2026-08-31 13:00:00,-0.019580825359709397
2026-08-31 14:00:00,-0.08169203913434486
2026-08-31 15:00:00,0.004883307489718547
2026-08-31 16:00:00,-0.013942660104043658
2026-08-31 17:00:00,0.03349351833159053
2026-08-31 18:00:00,0.07747944673098361
2026-08-31 19:00:00,0.11589159135684701
2026-08-31 20:00:00,0.03833827288276459
2026-08-31 22:00:00,0.09501236858482831
2026-08-31 23:00:00,0.10332474104723866
2026-09-01 08:00:00,-0.016732549162706167
2026-09-01 09:00:00,-0.13821970591271138
2026-09-01 10:00:00,-0.024616829764661174
2026-09-01 11:00:00,-0.11713029021207477
2026-09-01 12:00:00,-0.19852457866048778
2026-09-01 13:00:00,-0.05875158102961364
2026-09-01 14:00:00,-0.0956478754974237
2026-09-01 15:00:00,-0.11560768269156008
2026-09-01 16:00:00,-0.09536163126281694
2026-09-01 17:00:00,-0.05876955341155354
2026-09-01 18:00:00,-0.0015525181806381738
2026-09-01 19:00:00,-0.022525062449123445
2026-09-01 20:00:00,0.02037329556812284
2026-09-01 21:00:00,0.08215250509822258
2026-09-01 22:00:00,-0.05619415333326505
2026-09-01 23:00:00,0.014380365740847889
2026-09-02 08:00:00,0.2644243724480617
2026-09-02 10:00:00,0.11965459425114222
2026-09-02 11:00:00,0.08353671222897874
2026-09-02 13:00:00,0.1360013753271574
2026-09-02 14:00:00,0.23139452193555354
2026-09-02 15:00:00,0.22819324046769673
2026-09-02 16:00:00,0.13990043315774714
2026-09-02 17:00:00,0.14074507046871987
2026-09-02 18:00:00,0.05263684661961343
2026-09-02 19:00:00,0.04770105097142552
2026-09-02 20:00:00,-0.05456744335504704
2026-09-02 21:00:00,-0.05903124052272879
2026-09-02 22:00:00,-0.08734605538551732
2026-09-03 08:00:00,0.06248625913988981
2026-09-03 09:00:00,0.07066740251986015
2026-09-03 10:00:00,0.24245716709262588
2026-09-03 11:00:00,0.12870754736469459
2026-09-03 12:00:00,0.2387595379421501
2026-09-03 13:00:00,0.23650972738953535
2026-09-03 14:00:00,0.179252276549821
2026-09-03 15:00:00,0.11892802257048185
2026-09-03 16:00:00,0.06399501048797784
2026-09-03 17:00:00,-0.036473160235363844
2026-09-03 18:00:00,0.012490116087318759
2026-09-03 19:00:00,-0.03242729357425955
2026-09-03 20:00:00,-0.030412768319809547
2026-09-03 21:00:00,-0.23076291195269305
2026-09-03 22:00:00,0.24269681648644958
2026-09-03 23:00:00,0.027579572783275053
2026-09-04 08:00:00,0.1399566701824999
2026-09-04 11:00:00,-0.09381421388904798
2026-09-04 12:00:00,-0.11684582276579214
2026-09-04 13:00:00,0.1137771287717908
2026-09-04 14:00:00,-0.16482393116997174
2026-09-04 15:00:00,-0.40890125798001886
2026-09-04 16:00:00,-0.43284632723234295
2026-09-04 17:00:00,-0.41428424240745476
2026-09-04 18:00:00,-0.3793738792061109
2026-09-04 19:00:00,-0.3768095177384989
2026-09-04 20:00:00,-0.3086561519009319
2026-09-04 21:00:00,-0.3278499860559553
2026-09-04 22:00:00,-0.2843885388464944
2026-09-08 08:00:00,-0.5979998791385686
2026-09-08 10:00:00,-0.36707993548634765
2026-09-08 11:00:00,-0.2210290200965449
2026-09-08 12:00:00,-0.5680448276048282
2026-09-08 13:00:00,-0.32564773181174667
2026-09-08 14:00:00,-0.388631808546411
2026-09-08 15:00:00,-0.3996970953291177
2026-09-08 16:00:00,-0.41138372353724095
2026-09-08 17:00:00,-0.43453419052107745
2026-09-08 18:00:00,-0.4962918091889754
2026-09-08 19:00:00,-0.40718637510128297
2026-09-08 20:00:00,-0.44389258999175507
2026-09-08 21:00:00,-0.4736291444958719
2026-09-08 22:00:00,-0.37815258740467894
2026-09-08 23:00:00,-0.25469780718365165
2026-09-09 08:00:00,-0.731718234087699
2026-09-09 09:00:00,-0.46369466627296396
2026-09-09 10:00:00,-0.33924836948784576
2026-09-09 11:00:00,-0.558190276576499
2026-09-09 12:00:00,-0.4838700864808104
2026-09-09 13:00:00,-0.427249661235788
2026-09-09 14:00:00,-0.2238043800305498
2026-09-09 15:00:00,-0.022423371691763228
2026-09-09 16:00:00,0.037228434195732074
2026-09-09 17:00:00,-0.003908902666948877
2026-09-09 18:00:00,-0.007076833622996825
2026-09-09 19:00:00,0.030599506562041245
2026-09-09 20:00:00,0.022541278426793765
2026-09-09 23:00:00,0.03194871874158656
2026-09-10 08:00:00,-0.016529790389366972
2026-09-10 11:00:00,0.3314371854220415
2026-09-10 12:00:00,-0.05081239360298573
2026-09-10 13:00:00,0.12959461481976886
2026-09-10 14:00:00,0.516656803620801
2026-09-10 15:00:00,0.33383769687313225
2026-09-10 16:00:00,0.3594149509089435
2026-09-10 17:00:00,0.42041112407660863
2026-09-10 18:00:00,0.40664016831574323
2026-09-10 19:00:00,0.41818184904143463
2026-09-10 20:00:00,0.42841066466853417
2026-09-10 21:00:00,0.29478381457592473
2026-09-10 23:00:00,0.3162560404935346
2026-09-11 08:00:00,0.47070085044541154
2026-09-11 11:00:00,0.37027696448497305
2026-09-11 12:00:00,0.6081596699503438
2026-09-11 13:00:00,0.45863913964310576
2026-09-11 14:00:00,0.5329952206512356
2026-09-11 15:00:00,0.43067379102177816
2026-09-11 16:00:00,0.5352515389937498
2026-09-11 17:00:00,0.5251442041194916
2026-09-11 18:00:00,0.4570296892515662
2026-09-11 19:00:00,0.3548769863732628
2026-09-11 20:00:00,0.2864883308470352
2026-09-11 21:00:00,0.32865995889472543
2026-09-14 08:00:00,0.03912184001333241
2026-09-14 09:00:00,0.1813150240816661
2026-09-14 10:00:00,0.06910551266584708
2026-09-14 11:00:00,0.17653300369884284
2026-09-14 12:00:00,0.14450790225250132
2026-09-14 13:00:00,0.4877532272823455
2026-09-14 14:00:00,0.6264151979378421
2026-09-14 15:00:00,0.6303242179914885
2026-09-14 16:00:00,0.4113567697244287
2026-09-14 17:00:00,0.27143932085772016
2026-09-14 18:00:00,0.2665857868276713
2026-09-14 19:00:00,0.2612332568551976
2026-09-14 20:00:00,0.22802696428362856
2026-09-14 21:00:00,0.17006336546559386
2026-09-14 22:00:00,0.19875459810840201
2026-09-14 23:00:00,0.23955811221000944
2026-09-15 08:00:00,0.15562605052744782
2026-09-15 09:00:00,-0.05062596552231036
2026-09-15 11:00:00,0.08825055284950611
2026-09-15 12:00:00,0.2842514037798265
2026-09-15 13:00:00,0.06672311636592898
2026-09-15 14:00:00,0.39033177052002355
2026-09-15 15:00:00,0.2038442079965932
2026-09-15 16:00:00,0.2592307394982316
2026-09-15 17:00:00,0.21763912110018957
2026-09-15 18:00:00,0.22980502519240842
2026-09-15 19:00:00,0.18467922516483348
2026-09-15 20:00:00,0.22851536043061937
2026-09-15 21:00:00,0.2599709938393604
2026-09-15 22:00:00,0.22119896752467083
2026-09-15 23:00:00,0.5174756045152977
2026-09-16 08:00:00,0.20612578052874997
2026-09-16 11:00:00,0.42767556955298947
2026-09-16 12:00:00,0.32700186731070713
2026-09-16 13:00:00,0.29205830446073144
2026-09-16 14:00:00,0.02141942113557671
2026-09-16 15:00:00,-0.14152127853557006
2026-09-16 16:00:00,-0.12042309258053652
2026-09-16 17:00:00,-0.0889813244474923
2026-09-16 18:00:00,-0.046041276702022516
2026-09-16 19:00:00,-0.013004813815156058
2026-09-16 20:00:00,-0.058696734215782254
2026-09-16 21:00:00,-0.110205613235825
2026-09-16 22:00:00,-0.4067979851393916
2026-09-16 23:00:00,-0.14013831204520355
2026-09-17 08:00:00,-0.019220309490727616
2026-09-17 09:00:00,-0.037217235275899374
2026-09-17 11:00:00,0.13510486729115567
2026-09-17 12:00:00,-0.1338493620638631
2026-09-17 13:00:00,-0.24560645513328672
2026-09-17 14:00:00,-0.2706462437033894
2026-09-17 15:00:00,-0.27257622840211293
2026-09-17 16:00:00,-0.19091580745325198
2026-09-17 17:00:00,-0.14854573382428526
2026-09-17 18:00:00,-0.1159267984776241
2026-09-17 19:00:00,-0.10377512950111678
2026-09-17 20:00:00,-0.08011055272525414
2026-09-17 21:00:00,-0.2395125638096426
2026-09-17 22:00:00,-0.46771180911976185
2026-09-17 23:00:00,-0.4875501878014836
2026-09-18 08:00:00,-0.13622729124832456
2026-09-18 09:00:00,-0.008809803153308371
2026-09-18 11:00:00,-0.3263105955800871
2026-09-18 12:00:00,-0.22760304051727076
2026-09-18 13:00:00,0.2549692498979905
2026-09-18 14:00:00,0.2194064362280097
2026-09-18 15:00:00,0.21208548364169122
2026-09-18 16:00:00,0.18751981096187542
2026-09-18 17:00:00,0.187244522567388
2026-09-18 18:00:00,0.2656877833170861
2026-09-18 19:00:00,0.23404376177253683
2026-09-18 20:00:00,0.2729271437530889
2026-09-18 22:00:00,0.1988431758707696
2026-09-18 23:00:00,0.5020183501076838
2026-09-21 08:00:00,0.31473642663864365
2026-09-21 11:00:00,0.09043839461874947
2026-09-21 12:00:00,0.31313310472859146
2026-09-21 13:00:00,0.17090996479111964
2026-09-21 14:00:00,0.3306277054749447
2026-09-21 15:00:00,0.3125916640097739
2026-09-21 16:00:00,0.4027611810942886
2026-09-21 17:00:00,0.3777075847566782
2026-09-21 18:00:00,0.3685675892565421
2026-09-21 19:00:00,0.3334202226912586
2026-09-21 20:00:00,0.3421718379869614
2026-09-21 21:00:00,0.2645355772834914
2026-09-21 22:00:00,0.2758158294164279
2026-09-21 23:00:00,0.4710844220955803
2026-09-22 08:00:00,0.6131835039722451
2026-09-22 09:00:00,0.675246528770131
2026-09-22 11:00:00,0.1595091990934776
2026-09-22 12:00:00,0.3019743709848748
2026-09-22 13:00:00,0.4612904972386249
2026-09-22 14:00:00,0.2999205778364862
2026-09-22 15:00:00,-0.024605261984171345
2026-09-22 16:00:00,0.057856538155349524
2026-09-22 17:00:00,-0.017832946467463917
2026-09-22 18:00:00,-0.03778116558814837
2026-09-22 19:00:00,-0.07951939399570163
2026-09-22 20:00:00,-0.1870292029445766
2026-09-22 21:00:00,-0.21464284187085148
2026-09-22 22:00:00,-0.24835330656558552
2026-09-22 23:00:00,-0.1582962701201326
2026-09-23 08:00:00,0.07443272706395176
2026-09-23 09:00:00,0.021581539626373436
2026-09-23 11:00:00,-0.06242888522260148
2026-09-23 12:00:00,0.21704574378811414
2026-09-23 13:00:00,0.5250159211013223
2026-09-23 14:00:00,0.251970159757267
2026-09-23 15:00:00,0.15084106753976667
2026-09-23 16:00:00,0.1604580194058285
2026-09-23 17:00:00,0.21036453772249897
2026-09-23 18:00:00,0.14802283709439568
2026-09-23 19:00:00,0.15625055224369122
2026-09-23 20:00:00,0.18108726794561036
2026-09-23 21:00:00,-0.289132893862458
2026-09-23 22:00:00,0.01664899671672404
2026-09-23 23:00:00,0.006427520576765433
2026-09-24 08:00:00,-0.0917002015126569
2026-09-24 09:00:00,-0.0637956740552228
2026-09-24 10:00:00,0.17636656304052467
2026-09-24 11:00:00,-0.022041355522740003
2026-09-24 12:00:00,0.09355770324586521
2026-09-24 13:00:00,0.2345210446822057
2026-09-24 14:00:00,0.2988155031772721
2026-09-24 15:00:00,0.257620043747419
2026-09-24 16:00:00,0.38976155521233413
2026-09-24 17:00:00,0.44408837325554384
2026-09-24 18:00:00,0.5086803613275732
2026-09-24 19:00:00,0.5440331290806644
2026-09-24 20:00:00,0.5645829736133106
2026-09-24 21:00:00,0.2905894049920601
2026-09-24 23:00:00,0.43342866115101053
2026-09-25 08:00:00,0.4093921680559396
2026-09-25 12:00:00,0.1407296495565904
2026-09-25 13:00:00,0.3604253710726635
2026-09-25 14:00:00,0.12498791535226883
2026-09-25 15:00:00,-0.019601387937878245
2026-09-25 16:00:00,0.05430604930396443
2026-09-25 17:00:00,0.17353966673790966
2026-09-25 18:00:00,0.08025314138109563
2026-09-25 19:00:00,0.02216268013365319
2026-09-25 20:00:00,0.038572807126288744
2026-09-25 21:00:00,0.03461616497212594
2026-09-25 22:00:00,0.008750313332446913
2026-09-25 23:00:00,0.4882955266393547
2026-09-28 08:00:00,0.034567827760318304
2026-09-28 09:00:00,0.104904160816645
2026-09-28 11:00:00,0.29216391689290333
2026-09-28 12:00:00,0.38427802395236865
2026-09-28 13:00:00,0.3185338743838848
2026-09-28 14:00:00,0.32791994533676494
2026-09-28 15:00:00,0.32394127280118057
2026-09-28 16:00:00,0.14670602515525788
2026-09-28 17:00:00,-0.0002873132265601708
2026-09-28 18:00:00,0.0006660375780331851
2026-09-28 19:00:00,-0.11746249405699494
2026-09-28 20:00:00,-0.12646148431812665
2026-09-28 22:00:00,-0.22132222479508212
2026-09-28 23:00:00,-0.5918589819836666
2026-09-29 08:00:00,-0.09042021198733696
2026-09-29 09:00:00,0.15517454634941186
2026-09-29 10:00:00,0.043158865085123344
2026-09-29 11:00:00,-0.1534431618513763
2026-09-29 12:00:00,-0.028054345700162187
2026-09-29 13:00:00,0.25989619597554814
2026-09-29 14:00:00,0.10304583427997493
2026-09-29 15:00:00,0.13842805249498702
2026-09-29 16:00:00,0.15609775475690757
2026-09-29 17:00:00,0.10562574647539757
2026-09-29 18:00:00,0.09657117453675279
2026-09-29 19:00:00,0.04656783239620643
2026-09-29 20:00:00,0.04421867915323019
2026-09-29 21:00:00,0.021040305952817473
2026-09-29 22:00:00,0.09255141935344557
2026-09-29 23:00:00,0.1169484195995023
2026-09-30 08:00:00,0.2839617124359106
2026-09-30 09:00:00,0.10531475965360437
2026-09-30 10:00:00,0.017353562432368408
2026-09-30 11:00:00,-0.23100332538439317
2026-09-30 12:00:00,-0.4881321900570137
2026-09-30 13:00:00,0.11101874221986519
2026-09-30 14:00:00,0.10262275952771382
2026-09-30 15:00:00,0.23362088708302076
2026-09-30 16:00:00,0.2946305489047849
2026-09-30 17:00:00,0.3192530317234852
2026-09-30 18:00:00,0.4293949394736394
2026-09-30 19:00:00,0.30056200847069636
2026-09-30 20:00:00,0.26834103110774676
2026-09-30 21:00:00,0.6803800150484176
2026-09-30 22:00:00,0.14203075575404167
2026-09-30 23:00:00,0.15840391469805515
2026-10-01 08:00:00,0.13128241427746423
2026-10-01 09:00:00,0.3604018119416277
2026-10-01 10:00:00,0.5990342277437866
2026-10-01 11:00:00,-0.007425497992318508
2026-10-01 12:00:00,0.1582137603574174
2026-10-01 13:00:00,0.09831110340601312
2026-10-01 14:00:00,0.17644926969057462
2026-10-01 15:00:00,0.20465359001536898
2026-10-01 16:00:00,0.261704570719002
2026-10-01 17:00:00,0.35734359190538756
2026-10-01 18:00:00,0.38210223343127514
2026-10-01 19:00:00,0.38551363521743287
2026-10-01 20:00:00,0.29759499408991474
2026-10-01 21:00:00,0.3568474523060414
2026-10-01 22:00:00,0.28785148232881363
2026-10-01 23:00:00,0.33730171560548183
2026-10-02 08:00:00,0.47663264692288565
2026-10-02 10:00:00,0.46957688463927405
2026-10-02 11:00:00,0.7540579127707516
2026-10-02 12:00:00,0.2812952038642056
2026-10-02 13:00:00,0.12999669318119977
2026-10-02 14:00:00,-0.010724341645063307
2026-10-02 15:00:00,0.025865129760106242
2026-10-02 16:00:00,-0.03996054974056917
2026-10-02 17:00:00,-0.0824648159448359
2026-10-02 18:00:00,0.028493609567081135
2026-10-02 19:00:00,0.06733237717129548
2026-10-02 20:00:00,0.05197878210334217
2026-10-02 21:00:00,-0.09142384720618035
2026-10-02 22:00:00,0.010727015635223935
2026-10-02 23:00:00,0.0273916434809216
2026-10-05 08:00:00,-0.15367399831410433
2026-10-05 11:00:00,-0.2706430853867564
2026-10-05 12:00:00,-0.026064197298388492
2026-10-05 13:00:00,-0.04665850001079752
2026-10-05 14:00:00,-0.06128490977732892
2026-10-05 15:00:00,-0.0700780539712006
2026-10-05 16:00:00,-0.09104103891615656
2026-10-05 17:00:00,-0.055760657182382545
2026-10-05 18:00:00,-0.14595123749759586
2026-10-05 19:00:00,-0.16719434800493738
2026-10-05 20:00:00,-0.07733880414539995
2026-10-06 08:00:00,-0.13480036924360395
2026-10-06 09:00:00,-0.4060531272842147
2026-10-06 10:00:00,0.0420929394437668
2026-10-06 11:00:00,-0.1400208399872196
2026-10-06 12:00:00,-0.10109474583891787
2026-10-06 13:00:00,-0.02925877192032944
2026-10-06 14:00:00,0.018733103771573445
2026-10-06 15:00:00,-0.0028929472020345903
2026-10-06 16:00:00,0.09223642763105211
2026-10-06 17:00:00,0.13826712662484075
2026-10-06 18:00:00,0.10388760551457477
2026-10-06 19:00:00,0.14472024224883273
2026-10-06 20:00:00,0.15015979543565128
2026-10-06 21:00:00,0.10429270496814724
2026-10-06 23:00:00,0.296684866509382
2026-10-07 08:00:00,0.2779582078784535
2026-10-07 09:00:00,0.425405740965364
2026-10-07 10:00:00,0.48323991213691597
2026-10-07 11:00:00,0.47602632428230196
2026-10-07 12:00:00,0.7515532155415328
2026-10-07 13:00:00,0.6998454411593877
2026-10-07 14:00:00,0.6129378075578007
2026-10-07 15:00:00,0.5678717274466292
2026-10-07 16:00:00,0.6171962990706397
2026-10-07 17:00:00,0.5927989138173617
2026-10-07 18:00:00,0.5717162301641372
2026-10-07 19:00:00,0.5570551332813745
2026-10-07 20:00:00,0.5673265247098296
2026-10-07 21:00:00,0.5220333590359545
2026-10-07 22:00:00,0.5055340609875891
2026-10-07 23:00:00,0.5258190922664818
2026-10-08 08:00:00,0.861421603431455
2026-10-08 09:00:00,0.42107301917648376
2026-10-08 10:00:00,0.5641798809713126
2026-10-08 11:00:00,0.6058264104698876
2026-10-08 12:00:00,0.6804063190066814
2026-10-08 13:00:00,0.6003502346881084
2026-10-08 14:00:00,0.5645418895427439
2026-10-08 15:00:00,0.6677042469893799
2026-10-08 16:00:00,0.7234229302712931
2026-10-08 17:00:00,0.5103274903487949
2026-10-08 18:00:00,0.4863728490251076
2026-10-08 19:00:00,0.4735111593353969
2026-10-08 20:00:00,0.5392916641801546
2026-10-08 21:00:00,0.3406692348314684
2026-10-08 22:00:00,0.32178325117067796
2026-10-08 23:00:00,0.45827125096304666
