timestamp,VOO_H,VOO_std,VIXY_H,VIXY_std,AAAU_H,AAAU_std,BSV_H,BSV_std,BIV_H,BIV_std,BLV_H,BLV_std
2026-09-08 19:00:00,0.03843807859,-0.7910002133,0.01213103867,-0.9242908936,0.1467554587,0.8450629132,-0.4061793939,0.5245254852,-0.2475887384,0.01919385797,-0.03245822372,-0.7629558541
2026-09-09 04:00:00,0.04963440247,-0.791533376,0.0145475905,-0.9261036468,0.1344702068,0.8466624014,-0.4058669355,0.5280443591,-0.2473432904,0.02537854553,-0.03298356381,-0.7610364683
2026-09-09 05:00:00,0.05773988806,-0.7916400085,0.01839019173,-0.9273832374,0.1166799,0.8479419919,-0.405716654,0.5297504798,-0.2470356106,0.03134996801,-0.03309575366,-0.7583706547
2026-09-09 06:00:00,0.05592592138,-0.7919599062,0.02195336497,-0.9290893581,0.1030774906,0.8491149499,-0.4055424856,0.5310300704,-0.2467927176,0.03764128812,-0.03431764201,-0.7559181062
2026-09-09 07:00:00,0.05407719809,-0.7929195991,0.027011456,-0.9315419066,0.09295031259,0.8501812753,-0.4053793128,0.5323096609,-0.2498702957,0.04297291533,-0.03626721836,-0.7548517808
2026-09-09 08:00:00,0.05470775417,-0.7943058221,0.03370776909,-0.9352740456,0.08537125912,0.8513542333,-0.4052693517,0.5332693538,-0.2514886166,0.04713158456,-0.0409381014,-0.7544252506
2026-09-09 09:00:00,0.05752005104,-0.7951588825,0.04056257618,-0.9387929196,0.08094640091,0.8521006611,-0.4052448605,0.5344423118,-0.2533736703,0.05086372361,-0.04257527862,-0.7533589251
2026-09-09 10:00:00,0.06396073619,-0.7965451056,0.04592601613,-0.943378119,0.08441885053,0.8525271913,-0.4052156754,0.5367882278,-0.2635991647,0.0592876946,-0.04593625364,-0.7518660695
2026-09-09 11:00:00,0.07291013341,-0.7949456174,0.0574235629,-0.9447643421,0.09113682405,0.8543399446,-0.4054497745,0.539773939,-0.2775848338,0.06995094903,-0.05631137122,-0.7483471956
2026-09-09 12:00:00,0.07813304326,-0.7914267434,0.06257075899,-0.9459373001,0.08863019608,0.8548731073,-0.4055353607,0.5425463852,-0.2923464388,0.08338664961,-0.0703006517,-0.7420558755
2026-09-09 13:00:00,0.08180643424,-0.7874813393,0.06724055271,-0.9473235231,0.08699672267,0.8552996374,-0.4047313786,0.5454254639,-0.304662649,0.0927703135,-0.07318907499,-0.737257411
2026-09-09 14:00:00,0.084552539,-0.7849221582,0.0718098122,-0.9484964811,0.08515365879,0.8551930049,-0.4040603713,0.5473448496,-0.3154281069,0.1034335679,-0.07383245774,-0.7324589465
2026-09-09 15:00:00,0.08761454896,-0.7817231819,0.07583681612,-0.9499893367,0.08265542655,0.8557261676,-0.4039664528,0.5512902538,-0.3244801711,0.1126039667,-0.07112381503,-0.7248880358
2026-09-09 16:00:00,0.09055610215,-0.7788441032,0.07859752504,-0.9515888249,0.0800928693,0.8562593303,-0.404235434,0.5545958627,-0.3321616663,0.1218809981,-0.06625310786,-0.7210492642
2026-09-09 17:00:00,0.09358271585,-0.7751119642,0.08096885355,-0.9527617829,0.08035583552,0.856579228,-0.4039350054,0.5568351461,-0.3394883023,0.1255065046,-0.1158050419,-0.7214757944
2026-09-09 18:00:00,0.09718209683,-0.772339518,0.0829990314,-0.9538281083,0.08187546964,0.8566858605,-0.4042162313,0.5593943271,-0.3465544616,0.1295585413,-0.1412387661,-0.7219023246
2026-09-09 19:00:00,0.09779411734,-0.7701002346,0.08501092454,-0.9551076989,0.08100609158,0.8563659629,-0.4048612492,0.5621667733,-0.3516561892,0.1351034336,-0.1606823746,-0.72296865
2026-09-10 04:00:00,0.09515581222,-0.7688206441,0.08677502962,-0.9558541267,0.07934509045,0.8558328002,-0.4055112724,0.5660055449,-0.3502881089,0.1377692472,-0.1734619105,-0.7240349755
2026-09-10 05:00:00,0.09498960682,-0.7667946257,0.08811697257,-0.9569204521,0.0781200302,0.8545532096,-0.4061627637,0.5696310514,-0.3408520943,0.1409682235,-0.1814599743,-0.7254211985
2026-09-10 06:00:00,0.09495765463,-0.7649818725,0.08869510771,-0.9577735125,0.07699981529,0.8538067818,-0.4069182297,0.5721902325,-0.3188551711,0.1451268927,-0.1860621199,-0.7262742589
2026-09-10 07:00:00,0.09399062692,-0.7616762636,0.0870695643,-0.9588398379,0.07430394519,0.8531669866,-0.4076397363,0.5747494135,-0.2907458016,0.1572830028,-0.2338278392,-0.721582427
2026-09-10 08:00:00,0.07831180635,-0.7530390275,0.05845186974,-0.9594796332,0.06791673818,0.8539134144,-0.4084255047,0.5785881851,-0.2406779762,0.1679462572,-0.3161544348,-0.7117722329
2026-09-10 09:00:00,0.05975359212,-0.7412028151,0.03606488298,-0.9611857539,0.06782123265,0.8540200469,-0.4133476852,0.5883983792,-0.2767273225,0.1926850075,-0.3746577335,-0.6875666453
2026-09-10 10:00:00,0.05904594983,-0.7298997654,0.02970807576,-0.9626786095,0.06816814879,0.8535935167,-0.4206484837,0.5977820431,-0.2765345839,0.1915120495,-0.3965418265,-0.6555768821
2026-09-10 11:00:00,0.0634800096,-0.7165706974,0.02988483064,-0.9636383024,0.06878018772,0.8527404564,-0.4235368581,0.60855193,-0.2836379156,0.2124120282,-0.4030796951,-0.6211345703
2026-09-10 12:00:00,0.0638384456,-0.7053742802,0.03458926164,-0.9644913628,0.07009868427,0.851887396,-0.4238184292,0.6208146726,-0.2820855016,0.2353380252,-0.4028145708,-0.5967157176
2026-09-10 13:00:00,0.06518380973,-0.695137556,0.04094963673,-0.9649178929,0.07286507398,0.8512476008,-0.4221874407,0.6317978247,-0.274562734,0.2545318831,-0.3991035742,-0.5767754319
2026-09-10 14:00:00,0.06763102968,-0.6873533803,0.04778397617,-0.9652377906,0.07508294297,0.850501173,-0.4192691121,0.6460865856,-0.2605139901,0.2761782896,-0.3853637849,-0.5541693325
2026-09-10 15:00:00,0.07028364655,-0.6757304329,0.05649627538,-0.9653444231,0.07444574672,0.8500746428,-0.4151558028,0.6598421838,-0.2394131826,0.2947323523,-0.3635246264,-0.5268714012
2026-09-10 16:00:00,0.07473124926,-0.6666666667,0.06789398334,-0.9655576882,0.07549447349,0.849328215,-0.410023421,0.6707187033,-0.2172312424,0.3067818298,-0.3384185582,-0.5052249947
2026-09-10 17:00:00,0.07682920256,-0.6586692258,0.07913145261,-0.9657709533,0.07736390925,0.8478353594,-0.4047331103,0.6798891022,-0.2068306878,0.3191512049,-0.319373241,-0.4874173598
2026-09-10 18:00:00,0.07972559875,-0.6480059714,0.09032739054,-0.9658775858,0.08029420563,0.8464491363,-0.3996569552,0.686713585,-0.2070097784,0.3284282363,-0.3038410363,-0.4728087012
2026-09-10 19:00:00,0.08206992497,-0.6394753679,0.1007423011,-0.9659842184,0.08386619065,0.8459159736,-0.395213932,0.6934314353,-0.2144976705,0.3356792493,-0.2915854911,-0.4600127959
2026-09-11 04:00:00,0.07174801012,-0.6362763916,0.09975656016,-0.9666240136,0.08000013396,0.8439965878,-0.3915479838,0.7004691832,-0.2189279733,0.3435700576,-0.2766911407,-0.4467903604
2026-09-11 05:00:00,0.05035492618,-0.6344636383,0.09400685467,-0.9670505438,0.07688406061,0.8423970996,-0.3890812659,0.705907443,-0.2234687723,0.3509277031,-0.2682547686,-0.4332480273
2026-09-11 06:00:00,0.04030710154,-0.6328641501,0.09273726483,-0.9677969716,0.07657002248,0.8416506718,-0.3874233886,0.713158456,-0.2293794573,0.3582853487,-0.2640700598,-0.4140541693
2026-09-11 07:00:00,0.0373990013,-0.6306248667,0.09018811377,-0.9687566645,0.07530705246,0.839731286,-0.3872886803,0.7205161015,-0.2373511457,0.3694817658,-0.2655090266,-0.3959266368
2026-09-11 08:00:00,0.03803637917,-0.6287054809,0.08140856141,-0.9696097249,0.07496619283,0.8370654724,-0.3948430048,0.7232885477,-0.2494855257,0.3816378759,-0.2743442289,-0.3693751333
2026-09-11 09:00:00,0.03442296016,-0.6296651738,0.05451842986,-0.9711025805,0.06242575917,0.8342930262,-0.3975678943,0.7324589465,-0.2630450251,0.3899552143,-0.2933816245,-0.3631904457
2026-09-11 10:00:00,0.03903553133,-0.6308381318,0.03816417202,-0.9722755385,0.05498613157,0.8303476221,-0.40163002,0.7388568991,-0.2783547094,0.3992322457,-0.3202531603,-0.3514608659
2026-09-11 11:00:00,0.05489836735,-0.6313712945,0.03457707202,-0.9730219663,0.05407297626,0.8268287481,-0.4058940133,0.7448283216,-0.2944191374,0.4107485605,-0.3391457623,-0.3414374067
2026-09-11 12:00:00,0.06574981709,-0.6314779271,0.03817623719,-0.9734484965,0.05174372302,0.8236297718,-0.4105879328,0.7493068885,-0.3111258533,0.4226914054,-0.3532833723,-0.3241629345
2026-09-11 13:00:00,0.07689677373,-0.6316911922,0.04724974591,-0.9737683941,0.05202876985,0.8210705907,-0.4143205765,0.7589038174,-0.3261726327,0.4369801663,-0.3572801337,-0.3075282576
2026-09-11 14:00:00,0.08815561041,-0.6315845596,0.05915014813,-0.9741949243,0.0515836719,0.8184047771,-0.4172404376,0.7647686074,-0.3377348373,0.4504158669,-0.3603135919,-0.2901471529
2026-09-11 15:00:00,0.09723111448,-0.6310513969,0.07403657697,-0.9753678823,0.05287804818,0.8159522286,-0.4184535647,0.7751119642,-0.3412568716,0.4683301344,-0.3663973247,-0.2777777778
2026-09-11 16:00:00,0.107579197,-0.6309447643,0.08995814757,-0.9765408403,0.05459960598,0.813286415,-0.419066862,0.7825762423,-0.3397079812,0.4827255278,-0.3706145656,-0.2659415654
2026-09-11 17:00:00,0.1149672605,-0.6301983365,0.1007539383,-0.9781403284,0.06173891902,0.8119001919,-0.4197222732,0.7867349115,-0.3470580573,0.4865642994,-0.3718590755,-0.2531456601
2026-09-11 18:00:00,0.1214460966,-0.6303049691,0.1061056461,-0.9785668586,0.06735350152,0.8105139689,-0.4200619627,0.7898272553,-0.3534816134,0.490403071,-0.3715736613,-0.2452548518
2026-09-11 19:00:00,0.1264742315,-0.6297718064,0.1070526571,-0.979419919,0.06918902491,0.8085945831,-0.4201319357,0.7930262316,-0.3567094979,0.4918959266,-0.3712371876,-0.2382171039
2026-09-14 04:00:00,0.09791893281,-0.6223075283,0.0624335658,-0.9799530817,0.06695945138,0.8068884624,-0.4199801516,0.7971849008,-0.3578316176,0.4932821497,-0.3720401234,-0.2265941565
2026-09-14 05:00:00,0.06171375821,-0.6122840691,0.003840261524,-0.9797398166,0.05717760342,0.8061420345,-0.4196644002,0.8014502026,-0.3574639887,0.4941352101,-0.3714405459,-0.2171038601
2026-09-14 06:00:00,0.04754602213,-0.6037534656,-0.02225744631,-0.9792066539,0.05107513761,0.8043292813,-0.4193881883,0.8039027511,-0.3559013266,0.493921945,-0.3683137646,-0.2076135637
2026-09-14 07:00:00,0.04226746674,-0.597568778,-0.03048874606,-0.979633184,0.0496770971,0.8021966304,-0.4193154078,0.8057155044,-0.3609042707,0.5,-0.3655259414,-0.2001492856
2026-09-14 08:00:00,0.04074570283,-0.5889315419,-0.03222877225,-0.9793132864,0.04912407458,0.799957347,-0.4193230829,0.8063552996,-0.3675380336,0.5029857112,-0.3697188364,-0.1991895927
2026-09-14 09:00:00,0.04154618861,-0.579547878,-0.0330191642,-0.9801663468,0.05198814448,0.7988910215,-0.4191634601,0.8073149925,-0.3728514815,0.5078908083,-0.3715097804,-0.1968436767
2026-09-14 10:00:00,0.04331324828,-0.5689912561,-0.03707223726,-0.9803796119,0.05577794347,0.7956920452,-0.4190998384,0.8088078482,-0.3773838437,0.5142887609,-0.3709055562,-0.1914054169
2026-09-14 11:00:00,0.04363205996,-0.563872894,-0.04304562018,-0.9810194071,0.06013145748,0.7916400085,-0.4193602618,0.8085945831,-0.3798931893,0.5138622308,-0.3734694677,-0.1923651098
2026-09-14 12:00:00,0.03169680357,-0.5618468757,-0.05977223128,-0.9816592024,0.0572758434,0.7886542973,-0.4216880529,0.8076348902,-0.3889574663,0.5102367242,-0.3876639549,-0.1978033696
2026-09-14 13:00:00,0.02108916525,-0.5595009597,-0.06959173908,-0.9818724675,0.05273037555,0.7850287908,-0.4222963672,0.8061420345,-0.3923320126,0.5059714225,-0.3927128448,-0.2011089785
2026-09-14 14:00:00,0.01591925749,-0.556621881,-0.07540925774,-0.9822989977,0.05029635869,0.781936447,-0.4212639012,0.8051823417,-0.3924710747,0.5022392834,-0.3928103264,-0.2052676477
2026-09-14 15:00:00,0.01335186654,-0.553103007,-0.07747367368,-0.9827255278,0.05039484103,0.7800170612,-0.4209637883,0.8041160162,-0.3897683265,0.5002132651,-0.3894438225,-0.2080400938
2026-09-14 16:00:00,0.009483047049,-0.5494775005,-0.07767390095,-0.983152058,0.05114753461,0.778204308,-0.4227810025,0.8058221369,-0.3865712361,0.498827042,-0.3873087371,-0.2097462145
2026-09-14 17:00:00,0.006702086012,-0.544679036,-0.07703044097,-0.9833653231,0.0525551271,0.7757517594,-0.4396942234,0.8130731499,-0.3898546663,0.5017061207,-0.3883511656,-0.2086798891
2026-09-14 18:00:00,0.004630749642,-0.5411601621,-0.07613828217,-0.9837918533,0.05342991988,0.7730859458,-0.4538388249,0.8180848795,-0.4153991404,0.4933887823,-0.3884291616,-0.2069737684
2026-09-14 19:00:00,0.002423510107,-0.5367882278,-0.0748463345,-0.9842183835,0.05293005572,0.7710599275,-0.4595744153,0.8226700789,-0.4181521993,0.4922158243,-0.3869081765,-0.2065472382
2026-09-15 04:00:00,-0.007652933748,-0.5266581361,-0.0816580638,-0.9847515462,0.05281834346,0.7694604393,-0.4614617214,0.8284282363,-0.4294774203,0.4921091917,-0.3847999039,-0.2051610151
2026-09-15 05:00:00,-0.0204289295,-0.514502026,-0.09285117738,-0.9849648113,0.05308905898,0.7659415654,-0.4610597618,0.8337598635,-0.4334227729,0.4910428663,-0.3920127559,-0.1992962252
2026-09-15 06:00:00,-0.02097092216,-0.5063979527,-0.09504396836,-0.9851780763,0.05380548175,0.7630624867,-0.4592961655,0.8384516955,-0.4330154789,0.4890168479,-0.3977529148,-0.191618682
2026-09-15 07:00:00,-0.02128113719,-0.4992535722,-0.09818750078,-0.9858178716,0.0546562867,0.7616762636,-0.4568527954,0.843463425,-0.4301108049,0.4862444018,-0.3984245302,-0.1933248027
2026-09-15 08:00:00,-0.01568259323,-0.4941352101,-0.1022074056,-0.9860311367,0.05630656584,0.7597568778,-0.4539435458,0.8477287268,-0.4280141876,0.480806142,-0.4021689603,-0.196310514
2026-09-15 09:00:00,-0.01708392287,-0.4891234805,-0.1040852433,-0.986670932,0.05727959744,0.7573043293,-0.4699129831,0.845809341,-0.435439543,0.4789933888,-0.4031339504,-0.1952441885
2026-09-15 10:00:00,-0.01986105051,-0.4814459373,-0.10873887,-0.9865642994,0.05893001016,0.7547451482,-0.4845925204,0.8435700576,-0.4441888216,0.4763275752,-0.4039871979,-0.1962038814
2026-09-15 11:00:00,-0.02251453102,-0.4703561527,-0.1142282799,-0.9864576669,0.06260673578,0.750586479,-0.4930876678,0.8406909789,-0.449711425,0.4725954361,-0.4047246743,-0.1983365323
2026-09-15 12:00:00,-0.02414472696,-0.452975048,-0.1171520532,-0.9867775645,0.06581502289,0.7468543399,-0.4970107619,0.8381317978,-0.4551130553,0.4669439113,-0.4050973101,-0.2003625507
2026-09-15 13:00:00,-0.0243598793,-0.4371934314,-0.1200532256,-0.9875239923,0.06471759684,0.7446150565,-0.4978551895,0.8355726168,-0.4602714991,0.4621454468,-0.4048882606,-0.2018554063
2026-09-15 14:00:00,-0.02405778794,-0.4215184474,-0.1220098259,-0.988057155,0.06290156039,0.7416293453,-0.4969274561,0.8330134357,-0.4645456798,0.4564939219,-0.4049697715,-0.2037747921
2026-09-15 15:00:00,-0.02280715837,-0.4057368309,-0.1224234948,-0.9883770527,0.06261669491,0.7391767968,-0.4941630298,0.830134357,-0.4679774819,0.4483898486,-0.4055740541,-0.2074002986
2026-09-15 16:00:00,-0.0220822388,-0.3946470463,-0.121025539,-0.9884836852,0.0632234809,0.7368308808,-0.4899024814,0.8270420132,-0.4709916495,0.4406056729,-0.4057810589,-0.2120921305
2026-09-15 17:00:00,-0.01997523191,-0.3865429729,-0.1168660085,-0.9891234805,0.06614053438,0.7352313926,-0.4841797712,0.8238430369,-0.4832599117,0.4304755811,-0.4058128842,-0.2147579441
2026-09-15 18:00:00,-0.0188187973,-0.3789720623,-0.1139405817,-0.9895500107,0.06931773084,0.7333120068,-0.4930918593,0.8248027298,-0.5005845846,0.4148005971,-0.4056062786,-0.2175303903
2026-09-15 19:00:00,-0.01876977962,-0.3732139049,-0.1131380425,-0.9896566432,0.06777358615,0.7304329281,-0.5020041749,0.8257624227,-0.503108299,0.405950096,-0.4047259915,-0.2209426317
2026-09-16 04:00:00,-0.01964719955,-0.3736404351,-0.1125158381,-0.9897632758,0.06095679299,0.7245681382,-0.5062390338,0.8267221156,-0.5069126562,0.3959266368,-0.4037196815,-0.2257410962
2026-09-16 05:00:00,-0.01971447787,-0.3768394114,-0.1110266654,-0.9898699083,0.04806036004,0.7176370228,-0.5081426016,0.8272552783,-0.5069423436,0.3886756238,-0.4031770772,-0.2301130305
2026-09-16 06:00:00,-0.0196053104,-0.374600128,-0.1088132117,-0.9900831734,0.03844912589,0.7125186607,-0.5103101206,0.8281083387,-0.506036246,0.380678183,-0.4022007156,-0.2335252719
2026-09-16 07:00:00,-0.02047333185,-0.3779057368,-0.109873727,-0.9899765408,0.02695865029,0.7062273406,-0.5135598022,0.8285348688,-0.5028853061,0.3733205374,-0.4016685574,-0.2417359778
2026-09-16 08:00:00,-0.02063199642,-0.383237364,-0.1115876316,-0.9894433781,0.01736875326,0.697696737,-0.5180427271,0.8287481339,-0.4940214131,0.3640435061,-0.4012901348,-0.2476007678
2026-09-16 09:00:00,-0.01976987616,-0.3848368522,-0.1135158744,-0.9893367456,0.005054616129,0.6884197057,-0.5391226498,0.8229899765,-0.4861608324,0.3546598422,-0.4022593445,-0.2561313713
2026-09-16 10:00:00,-0.01800635434,-0.3866496055,-0.1152551988,-0.9890168479,-0.008969259723,0.6770100235,-0.5654440103,0.8182981446,-0.4753206981,0.351887396,-0.4040224215,-0.268607379
2026-09-16 11:00:00,-0.01452942287,-0.3895286842,-0.1164090872,-0.9889102154,-0.01893676141,0.6685860525,-0.5830675213,0.8138195777,-0.4582045299,0.3478353594,-0.4034980713,-0.2832160375
2026-09-16 12:00:00,-0.01241547628,-0.3939006185,-0.1181126119,-0.9886969503,-0.03189715122,0.6443804649,-0.5973011259,0.8075282576,-0.4321324603,0.3444231179,-0.4009100412,-0.2996374493
2026-09-16 13:00:00,-0.0105846309,-0.397526125,-0.1200469358,-0.9888035829,-0.04377031175,0.63243762,-0.6077724477,0.7985711239,-0.3898696453,0.3390914907,-0.3965869616,-0.3174450842
2026-09-16 14:00:00,-0.01205389462,-0.3977393901,-0.1244115586,-0.9885903178,-0.06377031619,0.6268927277,-0.6194065707,0.7899338878,-0.3568233763,0.3357858819,-0.3928681524,-0.3370654724
2026-09-16 15:00:00,-0.0529112606,-0.3764128812,-0.1424843093,-0.9881637876,-0.1035805587,0.6222008957,-0.6380778074,0.7853486884,-0.3957851711,0.3233098742,-0.4002202776,-0.3513542333
2026-09-16 16:00:00,-0.07155571949,-0.3648965664,-0.1460680777,-0.9879505225,-0.1207931678,0.6131371295,-0.6543675372,0.7789507358,-0.4286141825,0.3106206014,-0.4145826652,-0.3651098315
2026-09-16 17:00:00,-0.08080032338,-0.3573256558,-0.1491096794,-0.98784389,-0.1177978891,0.6001279591,-0.6688631064,0.7677543186,-0.45135215,0.3018767328,-0.4240199206,-0.3799317552
2026-09-16 18:00:00,-0.08517687463,-0.3546598422,-0.1498463857,-0.9874173598,-0.0988863256,0.5910641928,-0.6846933263,0.7672211559,-0.4669085189,0.2937726594,-0.4340511373,-0.3980592877
2026-09-16 19:00:00,-0.08426589189,-0.3615909576,-0.1491775351,-0.9872040947,-0.09161406481,0.5846662401,-0.7035286786,0.7752185967,-0.4779926388,0.2892940926,-0.4429958175,-0.4186393687
2026-09-17 04:00:00,-0.1044849058,-0.3672424824,-0.1568005547,-0.9877372574,-0.09512581541,0.5845596076,-0.714022673,0.7809767541,-0.4833611427,0.286841544,-0.4485406892,-0.4320750693
2026-09-17 05:00:00,-0.1253169269,-0.3718276818,-0.1718340527,-0.9873107272,-0.09603392231,0.5853060354,-0.7186160876,0.7858818511,-0.4842425856,0.2855619535,-0.4521451136,-0.4420985285
2026-09-17 06:00:00,-0.1372254979,-0.3754531883,-0.1752594954,-0.9870974621,-0.1033494443,0.584452975,-0.7175721934,0.7900405204,-0.4809141502,0.2840690979,-0.4529050741,-0.45180209
2026-09-17 07:00:00,-0.1439367798,-0.3812113457,-0.1802016363,-0.9868841971,-0.1205399702,0.5831733845,-0.7088791053,0.7948389849,-0.4672794526,0.2814032843,-0.4538083173,-0.4599061634
2026-09-17 08:00:00,-0.1484301381,-0.387929196,-0.1880471188,-0.9876306249,-0.1468663198,0.5796545106,-0.6973909775,0.799957347,-0.4529948758,0.2791640009,-0.4536659195,-0.4632117722
2026-09-17 09:00:00,-0.1508803468,-0.3941138836,-0.1929596957,-0.9863510343,-0.1641698112,0.5765621668,-0.720948003,0.7996374493,-0.4796633464,0.2757517594,-0.461332815,-0.4699296225
2026-09-17 10:00:00,-0.1499947827,-0.4005118362,-0.1880096072,-0.9857112391,-0.1733394859,0.573469823,-0.7444447136,0.7994241843,-0.5047180889,0.2726594157,-0.4716903516,-0.4749413521
2026-09-17 11:00:00,-0.1477416474,-0.4072296865,-0.1863205734,-0.9853913414,-0.1761278226,0.5702708467,-0.756296042,0.7986777565,-0.5162824395,0.2685007464,-0.4749032782,-0.4795265515
2026-09-17 12:00:00,-0.1442134296,-0.4123480486,-0.1849678772,-0.9856046065,-0.1761087107,0.5684580934,-0.7631862309,0.7982512263,-0.5208836756,0.2643420772,-0.4735793012,-0.4867775645
2026-09-17 13:00:00,-0.1395478022,-0.4186393687,-0.180962824,-0.9852847089,-0.1740676562,0.5665387076,-0.7655064899,0.7979313286,-0.5209094372,0.2617828961,-0.4689270349,-0.4924290894
2026-09-17 14:00:00,-0.1336675078,-0.4263169119,-0.1738452141,-0.9850714438,-0.17197036,0.5647259544,-0.7646199476,0.7975047985,-0.5164952512,0.2579441245,-0.459928279,-0.4989336746
2026-09-17 15:00:00,-0.1258176337,-0.4318618042,-0.1650602665,-0.9846449136,-0.1711434688,0.561526978,-0.7602496691,0.7963318405,-0.5067418954,0.2530390275,-0.4429187043,-0.5059714225
2026-09-17 16:00:00,-0.1174101097,-0.4353806782,-0.1529108634,-0.9844316485,-0.1700479847,0.5584346343,-0.7527661334,0.795265515,-0.493461733,0.2472808701,-0.423907058,-0.5123693751
2026-09-17 17:00:00,-0.1097009997,-0.4374066965,-0.1399825991,-0.9840051184,-0.1687828402,0.5572616763,-0.7422567997,0.7947323523,-0.4833124713,0.2447216891,-0.4120183535,-0.5135423331
2026-09-17 18:00:00,-0.1024757655,-0.4380464918,-0.130458765,-0.9838984858,-0.1660013587,0.5560887183,-0.7290174504,0.7936660269,-0.4695391646,0.2408829175,-0.4069694424,-0.5146086586
2026-09-17 19:00:00,-0.09825858684,-0.4394327149,-0.1248573385,-0.9835785882,-0.1659652299,0.5547024952,-0.7139815127,0.7923864363,-0.4572562781,0.2369375133,-0.4020725484,-0.5167413094
2026-09-18 04:00:00,-0.09491897563,-0.439859245,-0.1197733646,-0.9832586906,-0.1678561473,0.5526764769,-0.6974800811,0.7920665387,-0.4451637361,0.2327788441,-0.3966500042,-0.519193858
2026-09-18 05:00:00,-0.09465544363,-0.4417786308,-0.1184657102,-0.9828321604,-0.1740157747,0.5511836212,-0.6799508815,0.7914267434,-0.4340661155,0.2281936447,-0.3913564688,-0.5206867136
2026-09-18 06:00:00,-0.09447910196,-0.4435913841,-0.1182511865,-0.9824056302,-0.1765987211,0.5500106633,-0.6630976253,0.790360418,-0.4232533831,0.2240349755,-0.3861357406,-0.5230326296
2026-09-18 07:00:00,-0.09716290258,-0.4473235231,-0.1224513141,-0.9819791,-0.1816861649,0.5475581147,-0.6522801758,0.7896139902,-0.4141050037,0.2173171252,-0.3826384129,-0.5262316059
2026-09-18 08:00:00,-0.1031438827,-0.4505224995,-0.1284051852,-0.9817658349,-0.1884118613,0.544465771,-0.646867365,0.7887609298,-0.4069490363,0.2107059074,-0.3807326695,-0.5311367029
2026-09-18 09:00:00,-0.104351776,-0.4546811687,-0.1337325559,-0.9815525698,-0.1953110454,0.5398805716,-0.6549884526,0.7894007251,-0.4111018327,0.209639582,-0.3813377151,-0.5345489443
2026-09-18 10:00:00,-0.1046739549,-0.4572403498,-0.1393176456,-0.9814459373,-0.1939533072,0.5358285349,-0.6686974014,0.7910002133,-0.4198564876,0.2095329495,-0.3837822164,-0.5391341437
2026-09-18 11:00:00,-0.09872863922,-0.4621454468,-0.1427970416,-0.9812326722,-0.1900156864,0.5269780337,-0.6864991848,0.7921731713,-0.4262028476,0.2080400938,-0.3843676942,-0.5433994455
2026-09-18 12:00:00,-0.1003440775,-0.4615056515,-0.1466155125,-0.9811260397,-0.1944346027,0.5262316059,-0.7090439361,0.7931328642,-0.429494462,0.2043079548,-0.3836101571,-0.5468116869
2026-09-18 13:00:00,-0.1011946411,-0.4604393261,-0.1489700143,-0.980806142,-0.1994602319,0.5266581361,-0.7295341436,0.7945190872,-0.4300125075,0.2005758157,-0.3820080107,-0.5504371934
2026-09-18 14:00:00,-0.1030617624,-0.460226061,-0.1514180435,-0.9805928769,-0.2024147718,0.5271912988,-0.7474233294,0.7955854127,-0.4291092785,0.1965237791,-0.3793978086,-0.5533162721
2026-09-18 15:00:00,-0.1057467906,-0.4603326935,-0.1533748787,-0.9802729793,-0.202849853,0.5270846662,-0.7622079402,0.7968650032,-0.4275403927,0.1972702069,-0.3773453985,-0.556621881
2026-09-18 16:00:00,-0.1082627667,-0.4607592237,-0.1538538237,-0.9800597142,-0.2035659683,0.5275111964,-0.7736076887,0.797611431,-0.4252173386,0.1980166347,-0.3738944037,-0.5575815739
2026-09-18 17:00:00,-0.1111922662,-0.4608658563,-0.152741092,-0.9798464491,-0.2032937103,0.5277244615,-0.781703198,0.7992109192,-0.4223693511,0.200042653,-0.3712336347,-0.5584346343
2026-09-18 18:00:00,-0.1116020646,-0.4597995308,-0.1483624242,-0.9791000213,-0.2014968642,0.527831094,-0.8117062807,0.798784389,-0.4510852641,0.1909788868,-0.367304116,-0.5600341224
2026-09-18 19:00:00,-0.1088477051,-0.4589464705,-0.1388089318,-0.9789933888,-0.1980360106,0.5282576242,-0.8349587038,0.7988910215,-0.4773506325,0.1812753252,-0.3636998027,-0.562699936
2026-09-21 04:00:00,-0.1126489648,-0.4540413734,-0.1379684007,-0.9784602261,-0.1973430723,0.5283642568,-0.8313646654,0.8000639795,-0.4881346711,0.1753039028,-0.3610955523,-0.5641927916
2026-09-21 05:00:00,-0.1210818792,-0.4475367882,-0.1446990041,-0.978246961,-0.1986946984,0.5279377266,-0.812790848,0.8004905097,-0.4914095526,0.1707187033,-0.3584288659,-0.5653657496
2026-09-21 06:00:00,-0.1251072253,-0.43964598,-0.1526563921,-0.9775005332,-0.2001376852,0.5267647686,-0.7829947578,0.8015568351,-0.4898281662,0.1674130945,-0.3551107637,-0.5656856473
2026-09-21 07:00:00,-0.1251475388,-0.4329281297,-0.1586941954,-0.977074003,-0.2004612493,0.5254851781,-0.7398792567,0.8020899979,-0.4849952195,0.1634676903,-0.3474519952,-0.5654723822
2026-09-21 08:00:00,-0.1220211863,-0.4249306888,-0.1622186789,-0.975901045,-0.2036063022,0.524098955,-0.6737769358,0.8032629559,-0.4774094214,0.1596289187,-0.3435485127,-0.5660055449
2026-09-21 09:00:00,-0.1168952676,-0.4158669226,-0.1652643583,-0.9748347196,-0.1960828845,0.5242055875,-0.6710455259,0.8042226488,-0.4835750548,0.1586692258,-0.3499400634,-0.5716570697
2026-09-21 10:00:00,-0.1083907936,-0.4037108125,-0.1696053619,-0.974728087,-0.2021738544,0.5237790574,-0.7219857086,0.7892940926,-0.489914327,0.1574962679,-0.3551969726,-0.575815739
2026-09-21 11:00:00,-0.09859027262,-0.3889955214,-0.1730202471,-0.9745148219,-0.2081006097,0.5231392621,-0.75191536,0.7769247174,-0.4913829824,0.1556835146,-0.3545543583,-0.5802943058
2026-09-21 12:00:00,-0.08973023441,-0.363830241,-0.176762203,-0.9744081894,-0.2151989567,0.5223928343,-0.7693607943,0.7603966731,-0.4890150141,0.154190659,-0.3488211956,-0.5848795052
2026-09-21 13:00:00,-0.07668880441,-0.3425037321,-0.1824012434,-0.9754745148,-0.2226664503,0.5218596716,-0.7733024361,0.7431222009,-0.48674223,0.1521646406,-0.3366793607,-0.5885050117
2026-09-21 14:00:00,-0.05875516865,-0.3222435487,-0.1863367841,-0.9768607379,-0.2310835455,0.5179142674,-0.7487463804,0.7231819151,-0.4855670053,0.1502452549,-0.3261292938,-0.5935167413
2026-09-21 15:00:00,-0.03836770837,-0.2994241843,-0.1856003485,-0.9778204308,-0.2375467429,0.5157816165,-0.7253298883,0.7060140755,-0.483779664,0.1467263809,-0.3250501053,-0.5924504159
2026-09-21 16:00:00,-0.02110149521,-0.2789507358,-0.18293723,-0.9777137983,-0.2486651085,0.514502026,-0.720166859,0.7074002986,-0.4830748119,0.1439539347,-0.32423463,-0.591490723
2026-09-21 17:00:00,-0.006588264488,-0.2587971849,-0.1819428006,-0.9773939006,-0.2612408316,0.5153550864,-0.7109007574,0.7067605033,-0.4825679307,0.1394753679,-0.3203419169,-0.5923437833
2026-09-21 18:00:00,0.003157641965,-0.2343783323,-0.1826499811,-0.9767541054,-0.2720296693,0.5152484538,-0.6911391277,0.7115589678,-0.4829295752,0.136169759,-0.3163856436,-0.5937300064
2026-09-21 19:00:00,0.01166400451,-0.209639582,-0.1826661954,-0.9750479846,-0.2902874516,0.5150351887,-0.6669578663,0.7171038601,-0.4854307787,0.1315845596,-0.3134474127,-0.5934101088
2026-09-22 04:00:00,0.01470467147,-0.1912987844,-0.183796936,-0.9743015568,-0.3088503287,0.5174877373,-0.6345562229,0.7222222222,-0.4889096651,0.1274258904,-0.3095975462,-0.5931968437
2026-09-22 05:00:00,0.01710915571,-0.1661335039,-0.1864612751,-0.9739816592,-0.3303808053,0.5202601834,-0.5969620918,0.7283002772,-0.4927566702,0.1249733419,-0.3042813419,-0.5936233739
2026-09-22 06:00:00,0.01812058251,-0.1467263809,-0.188367624,-0.973555129,-0.3490110972,0.522925997,-0.5881160717,0.7270206867,-0.496325335,0.1214544679,-0.2967679002,-0.5941565366
2026-09-22 07:00:00,0.01647347414,-0.1306248667,-0.1901677061,-0.9731285988,-0.3646899515,0.5243122201,-0.5820665584,0.7248880358,-0.4994438392,0.1172957987,-0.2839170424,-0.5918106206
2026-09-22 08:00:00,0.01381014887,-0.1095116229,-0.1915053564,-0.9728087012,-0.3779770804,0.5248453828,-0.5749682403,0.7235018128,-0.5015518696,0.1113243762,-0.2778941879,-0.5922371508
2026-09-22 09:00:00,0.009597131877,-0.09127745788,-0.1933373312,-0.972382171,-0.3904667102,0.5245254852,-0.5718619786,0.7219023246,-0.5033975029,0.1055662188,-0.2747425374,-0.5997014289
2026-09-22 10:00:00,0.004110702643,-0.07037747921,-0.1977487398,-0.9712092131,-0.3981326488,0.5251652804,-0.5696288732,0.7194497761,-0.5047660342,0.09991469396,-0.2725167467,-0.6021539774
2026-09-22 11:00:00,-0.003154420387,-0.05694177863,-0.2035079987,-0.9695030923,-0.402846804,0.5259117083,-0.56828699,0.7177436554,-0.5060790875,0.09351674131,-0.2729076377,-0.6064192792
2026-09-22 12:00:00,-0.009853477518,-0.03913414374,-0.2085343796,-0.9683301344,-0.4063390598,0.5227127319,-0.5692152788,0.7158242696,-0.5083674255,0.08829174664,-0.2752246057,-0.6153764129
2026-09-22 13:00:00,-0.01359194475,-0.01780763489,-0.2110411431,-0.9667306462,-0.4077141619,0.515674984,-0.5691178358,0.7141181489,-0.5093602521,0.0826402218,-0.2760097126,-0.6257197697
2026-09-22 14:00:00,-0.01259898437,0.005438259757,-0.2117459177,-0.9642780977,-0.4052846641,0.5118362124,-0.5678845276,0.7124120282,-0.5076267162,0.07570910642,-0.2766712878,-0.6358498614
2026-09-22 15:00:00,-0.004753508254,0.02708466624,-0.2111100208,-0.9617189166,-0.3991480749,0.5083173385,-0.5637016683,0.7109191725,-0.5038461963,0.06824482832,-0.2772257884,-0.6415013862
2026-09-22 16:00:00,0.004387969512,0.03988057155,-0.2091507664,-0.9585199403,-0.3951768864,0.5005331627,-0.5591248177,0.7099594796,-0.5001331534,0.06078055022,-0.2775405494,-0.6488590318
2026-09-22 17:00:00,0.01208849905,0.0537428023,-0.2078589506,-0.9572403498,-0.3935369731,0.4899765408,-0.5562919205,0.7046278524,-0.5009217416,0.04286628279,-0.2781295942,-0.6583493282
2026-09-22 18:00:00,0.02641624646,0.06952441885,-0.2058958763,-0.9556408616,-0.3920938609,0.4815525698,-0.5528071542,0.7010023459,-0.5013567214,0.02281936447,-0.2779299241,-0.6662401365
2026-09-22 19:00:00,0.02674569737,0.07709532949,-0.2036841756,-0.9542546385,-0.3954609801,0.4702495202,-0.5487011687,0.6965237791,-0.5003996478,0.004371934314,-0.2877268041,-0.6691192152
2026-09-23 04:00:00,0.02533451409,0.0862657283,-0.2007401674,-0.9522286202,-0.4072423278,0.4593730006,-0.544012533,0.6914054169,-0.4983327603,-0.01706120708,-0.2968274634,-0.6716783962
2026-09-23 05:00:00,0.02416664877,0.09458306675,-0.1991134948,-0.9504158669,-0.420037001,0.4495628066,-0.538869674,0.6869268501,-0.4958890362,-0.03134996801,-0.3001806343,-0.6711452335
2026-09-23 06:00:00,0.02241509813,0.1001279591,-0.1973271798,-0.9487097462,-0.4276637167,0.4411388356,-0.5346855801,0.6822350181,-0.493218578,-0.04702495202,-0.3006921115,-0.6699722755
2026-09-23 07:00:00,0.02015786087,0.1027937727,-0.1963339013,-0.9476434208,-0.4333792366,0.4332480273,-0.5303981572,0.6762635956,-0.4906824246,-0.0621667733,-0.3001669569,-0.6661335039
2026-09-23 08:00:00,0.01739787617,0.1062060141,-0.1953999209,-0.9466837279,-0.4370486489,0.4262102794,-0.5279888547,0.6711452335,-0.4879459731,-0.07805502239,-0.2987679084,-0.6621880998
2026-09-23 09:00:00,0.01513177087,0.1086585626,-0.1934343032,-0.9449776072,-0.4397997578,0.4178929409,-0.5324022101,0.6662401365,-0.5146936475,-0.0843463425,-0.3339843398,-0.6676263596
2026-09-23 10:00:00,0.007208124916,0.1069524419,-0.1937504179,-0.944551077,-0.4406474133,0.4105352954,-0.5446667109,0.664960546,-0.5550070011,-0.08487950522,-0.3930002399,-0.6670931968
2026-09-23 11:00:00,-0.00041553862,0.1047131585,-0.1931652629,-0.9436980166,-0.4393046251,0.4045638729,-0.5518251957,0.6634676903,-0.5746791837,-0.08317338452,-0.4279888859,-0.6620814673
2026-09-23 12:00:00,-0.007235452139,0.09959479633,-0.194691063,-0.9432714865,-0.4353444127,0.3947536788,-0.5550912262,0.6638942205,-0.5791971306,-0.07560247388,-0.441673202,-0.654190659
2026-09-23 13:00:00,-0.00997626327,0.09245041587,-0.1972179953,-0.9427383237,-0.4261639277,0.3831307315,-0.555726814,0.666346769,-0.5703962875,-0.05886116443,-0.4404405733,-0.6426743442
2026-09-23 14:00:00,-0.007561690737,0.08498613777,-0.1991228604,-0.9418852634,-0.4112824949,0.3709746215,-0.5534957962,0.6676263596,-0.5505402029,-0.04435913841,-0.4270863608,-0.6215611004
2026-09-23 15:00:00,-0.002992433055,0.07720196204,-0.2005689257,-0.9423117936,-0.4023286789,0.3600981019,-0.5501892673,0.6683727874,-0.5282006078,-0.03678822777,-0.4078301158,-0.6100447857
2026-09-23 16:00:00,0.001597958841,0.07432288334,-0.2004416249,-0.9415653657,-0.3907718671,0.3613776925,-0.5459621641,0.6681595223,-0.5036206094,-0.03039027511,-0.3869562967,-0.6035402005
2026-09-23 17:00:00,0.008446557411,0.0705907443,-0.2017659628,-0.9414587332,-0.3826777386,0.3599914694,-0.5410378955,0.6696523779,-0.4767286824,-0.0231392621,-0.3651529853,-0.6020473448
2026-09-23 18:00:00,0.01212023788,0.06931115376,-0.2040127772,-0.941032203,-0.3778555396,0.3560460653,-0.5356933424,0.6700789081,-0.4495016211,-0.01898059288,-0.3424599419,-0.6003412241
2026-09-23 19:00:00,0.0175935495,0.06920452122,-0.2054979034,-0.9406056729,-0.3748590993,0.3476220943,-0.5302075379,0.6685860525,-0.4232486123,-0.01503518874,-0.319786667,-0.5977820431
2026-09-24 04:00:00,0.01909169608,0.06451268927,-0.2071360402,-0.9413521007,-0.3718222764,0.3436766901,-0.5247653198,0.6667732992,-0.3978101253,-0.0120494775,-0.2969224084,-0.597568778
2026-09-24 05:00:00,0.01503952502,0.06046065259,-0.2117024896,-0.9425250586,-0.3691956821,0.3478353594,-0.5195258931,0.6661335039,-0.3752826769,-0.00853060354,-0.2744796953,-0.5971422478
2026-09-24 06:00:00,0.0202980922,0.05576882064,-0.2130479102,-0.9431648539,-0.367328352,0.3502879079,-0.5144797171,0.665173811,-0.3557176196,-0.003945404137,-0.2530531762,-0.5961825549
2026-09-24 07:00:00,0.02695174614,0.05054382598,-0.2136809722,-0.9430582214,-0.3700620328,0.348155257,-0.5097239593,0.6633610578,-0.3392099037,0.0009596928983,-0.2351206429,-0.5945830668
2026-09-24 08:00:00,0.0330650109,0.04638515675,-0.2138437285,-0.9428449563,-0.375052647,0.3430368949,-0.5042862214,0.6628278951,-0.3259343036,0.003092343783,-0.2206792655,-0.5920238857
2026-09-24 09:00:00,0.03711651621,0.04243975261,-0.2148941844,-0.942205161,-0.3793071823,0.3395180209,-0.5027919195,0.6592023886,-0.3182642571,0.001706120708,-0.208730728,-0.5889315419
2026-09-24 10:00:00,0.03657547341,0.04030710173,-0.2157355731,-0.9417786308,-0.37980551,0.3366389422,-0.5011432989,0.6532309661,-0.3109174394,0.003838771593,-0.1998779546,-0.5824269567
2026-09-24 11:00:00,0.04072658534,0.03742802303,-0.2163646895,-0.9420985285,-0.3795050146,0.3345062913,-0.4999476029,0.6488590318,-0.3092523348,0.01546171892,-0.1991429867,-0.5658989123
2026-09-24 12:00:00,0.03713930229,0.03774792067,-0.2193740923,-0.9411388356,-0.3813971852,0.3346129239,-0.4998133819,0.6397952655,-0.309629479,0.0221795692,-0.1998122416,-0.5556621881
2026-09-24 13:00:00,0.02877676808,0.0390275112,-0.2228294447,-0.9401791427,-0.3827821658,0.3361057795,-0.4996952087,0.6328641501,-0.3104990984,0.03230966091,-0.2002813636,-0.5437193431
2026-09-24 14:00:00,0.02342589521,0.03945404137,-0.2277784383,-0.9392194498,-0.3843765065,0.3380251653,-0.4993844481,0.6263595649,-0.3112698936,0.04339944551,-0.2009438448,-0.5250586479
2026-09-24 15:00:00,0.02008473305,0.04116016208,-0.2323896607,-0.9385796545,-0.3860726552,0.3386649605,-0.4996308868,0.6232672212,-0.3130182186,0.05854126679,-0.2012578225,-0.5068244828
2026-09-24 16:00:00,0.01777782184,0.04222648752,-0.236541497,-0.9383663894,-0.3871039818,0.3372787375,-0.4997651473,0.6199616123,-0.3147669821,0.0751759437,-0.1998766245,-0.4870974621
2026-09-24 17:00:00,0.01448702492,0.04201322244,-0.2401762392,-0.9377265942,-0.3873607122,0.3356792493,-0.4999315362,0.6168692685,-0.3144892707,0.09149072297,-0.1958475153,-0.4714224781
2026-09-24 18:00:00,0.01262076431,0.04467903604,-0.2424855952,-0.9375133291,-0.3870980917,0.3359991469,-0.500048806,0.6150565152,-0.3131504761,0.1066325443,-0.1905387708,-0.4544679036
2026-09-24 19:00:00,0.01005475986,0.04489230113,-0.2434146583,-0.9368735338,-0.3842623141,0.3343996588,-0.5000862237,0.610897846,-0.311359204,0.1211345703,-0.1846307477,-0.4367669013
2026-09-25 04:00:00,0.006943932611,0.04883770527,-0.2431745358,-0.9363403711,-0.3843269327,0.3354659842,-0.5000860367,0.6082320324,-0.3093852789,0.1355299637,-0.1786831098,-0.4127745788
2026-09-25 05:00:00,0.001039344679,0.056621881,-0.2420304741,-0.9351674131,-0.380735467,0.3351460866,-0.5000551917,0.6040733632,-0.307447724,0.1471529111,-0.1730503585,-0.3908082747
2026-09-25 06:00:00,-0.0004266659485,0.06291320111,-0.2353395367,-0.9339944551,-0.3824426328,0.3379185327,-0.4999507596,0.6022606099,-0.3053786063,0.1606952442,-0.1682043352,-0.369908296
2026-09-25 07:00:00,-0.00005142503636,0.07091064193,-0.2386465769,-0.9317551717,-0.3854254793,0.3394113884,-0.4998480214,0.5978886756,-0.3036035691,0.172211559,-0.1642977919,-0.3515674984
2026-09-25 08:00:00,0.001297781038,0.07634890168,-0.2269099085,-0.9313286415,-0.3877237975,0.339731286,-0.4997621708,0.5942631691,-0.3023129891,0.1845809341,-0.1615573234,-0.3329068032
2026-09-25 09:00:00,0.001699638581,0.08082746854,-0.2293811065,-0.9304755811,-0.3876077111,0.3413307742,-0.5003658704,0.5873320537,-0.3033198425,0.1918319471,-0.1593772791,-0.3113670292
2026-09-25 10:00:00,-0.001262660134,0.08423970996,-0.2358415179,-0.9301556835,-0.3865001074,0.3453828108,-0.5005189542,0.579547878,-0.302048594,0.2049477501,-0.1584029042,-0.279590531
2026-09-25 11:00:00,-0.0003759742268,0.08957133717,-0.23560601,-0.9296225208,-0.3774036729,0.3489016848,-0.5005321603,0.5703774792,-0.301973615,0.2151844743,-0.1586566022,-0.2527191299
2026-09-25 12:00:00,0.002204826431,0.09810194071,-0.2373533037,-0.9293026232,-0.3751775146,0.3463425037,-0.5007049496,0.5598208573,-0.3043491807,0.2172104926,-0.1596515305,-0.2391767968
2026-09-25 13:00:00,0.001505894081,0.103646833,-0.2401983078,-0.9287694604,-0.3736472666,0.342077202,-0.5004291319,0.5527831094,-0.304957577,0.2235018128,-0.1599602786,-0.220409469
2026-09-25 14:00:00,0.000816795714,0.1106845809,-0.2430304124,-0.9284495628,-0.3717833928,0.3390914907,-0.500174396,0.5430795479,-0.3064858242,0.2286201749,-0.1609329829,-0.2062273406
2026-09-25 15:00:00,-0.0002447921496,0.1170825336,-0.2471626785,-0.9281296652,-0.371160975,0.3325869055,-0.4998841306,0.5317764982,-0.3097335337,0.224141608,-0.1651404093,-0.1966304116
2026-09-25 16:00:00,-0.001106969776,0.1236937513,-0.2489992354,-0.9274898699,-0.3705352925,0.3275751759,-0.4997571858,0.5178076349,-0.3152898961,0.214544679,-0.1685325807,-0.189272766
2026-09-25 17:00:00,-0.001392774241,0.1316911922,-0.2547241569,-0.9272766048,-0.3717575792,0.3188313073,-0.4987770273,0.4972275538,-0.3171922756,0.2075069311,-0.1707478922,-0.1793559394
2026-09-25 18:00:00,-0.002458733332,0.1400085306,-0.2617350265,-0.9267434421,-0.3735917807,0.3123267221,-0.4976948227,0.4776071657,-0.3173107295,0.1996161228,-0.1722224591,-0.1681595223
2026-09-25 19:00:00,-0.006089503442,0.1454467904,-0.268782739,-0.9258903817,-0.3739548833,0.3051823417,-0.4963559822,0.4624653444,-0.3156242393,0.1971635743,-0.1734205068,-0.1569631051
2026-09-28 04:00:00,-0.02743421267,0.1452335253,-0.2799098532,-0.9249306888,-0.4311436098,0.3274685434,-0.4952947521,0.4516954575,-0.313094192,0.1955640862,-0.170752279,-0.1447003626
2026-09-28 05:00:00,-0.04944764111,0.1449136276,-0.3000132111,-0.9248240563,-0.4948983189,0.3564725954,-0.4953189548,0.4380464918,-0.3129247084,0.1908722542,-0.1687346459,-0.1355299637
2026-09-28 06:00:00,-0.06167094762,0.14459373,-0.3181522004,-0.9250373214,-0.5170998938,0.3772659416,-0.4957738719,0.4233312007,-0.3113014852,0.185540627,-0.1622715998,-0.1256131371
2026-09-28 07:00:00,-0.06773634981,0.1442738324,-0.3328628616,-0.9251439539,-0.5201104743,0.3965664321,-0.4970323403,0.4078694818,-0.3083148287,0.1796758371,-0.1476653745,-0.1143100874
2026-09-28 08:00:00,-0.07144240434,0.1444870975,-0.346266283,-0.9257837492,-0.5130930057,0.4118148859,-0.4983766597,0.3948603114,-0.3042104837,0.1751972702,-0.137287172,-0.1008743869
2026-09-28 09:00:00,-0.07302907121,0.1448069951,-0.3591744989,-0.9254638516,-0.5013068716,0.4280230326,-0.5048998929,0.3866496055,-0.3268131299,0.1823416507,-0.1637750517,-0.08594583067
2026-09-28 10:00:00,-0.0720463518,0.1441671998,-0.3684219654,-0.9263169119,-0.4787713324,0.443378119,-0.5131690621,0.3803582853,-0.3557565924,0.1960972489,-0.193540162,-0.0631264662
2026-09-28 11:00:00,-0.07058759155,0.1429942418,-0.3771131818,-0.9266368096,-0.4494888219,0.4629985071,-0.520598262,0.3756664534,-0.3767519433,0.2092130518,-0.2128089427,-0.0407336319
2026-09-28 12:00:00,-0.06360572539,0.1428876093,-0.3845267385,-0.926530177,-0.4225752549,0.479419919,-0.5256240326,0.3669225848,-0.384088212,0.215717637,-0.214730419,-0.02740456387
2026-09-28 13:00:00,-0.05629887895,0.1426743442,-0.3904669475,-0.9256771167,-0.3977350328,0.4981872467,-0.5293083086,0.3571123907,-0.3823310292,0.2171038601,-0.1990580916,-0.01546171892
2026-09-28 14:00:00,-0.03939373648,0.1423544466,-0.3770745055,-0.9247174238,-0.3713861196,0.5214331414,-0.5310471262,0.3478353594,-0.3701032793,0.2179569205,-0.1612642682,0.0007464278098
2026-09-28 15:00:00,-0.02320901864,0.1409682235,-0.369139134,-0.9255704841,-0.3448869374,0.5453188313,-0.5296106113,0.3368522073,-0.3597087092,0.2373640435,-0.1503390143,0.02100661122
2026-09-28 16:00:00,-0.01821714896,0.1357432288,-0.3706508921,-0.9271699723,-0.3198557442,0.5580081041,-0.5268138549,0.3207506931,-0.3488034409,0.2512262743,-0.1477163812,0.04148005971
2026-09-28 17:00:00,-0.01515079438,0.1295585413,-0.3737010384,-0.9282362977,-0.3273774608,0.5622734058,-0.5260400873,0.3172318192,-0.3452811112,0.2709532949,-0.1456305806,0.06291320111
2026-09-28 18:00:00,-0.01281794856,0.125186607,-0.3765104508,-0.928876093,-0.3076949062,0.5744295159,-0.5250377868,0.3169119215,-0.3405727596,0.2885476647,-0.1423584841,0.08498613777
2026-09-28 19:00:00,-0.01063095628,0.1206014075,-0.3769293576,-0.9297291533,-0.2985895806,0.5861590958,-0.5239516825,0.3173384517,-0.3356160365,0.3002772446,-0.1391083952,0.1076988697
2026-09-29 04:00:00,-0.01093273508,0.1143100874,-0.3835722301,-0.9327148646,-0.2891789771,0.595222862,-0.522825074,0.3191512049,-0.3303092818,0.3120068245,-0.1348873273,0.1330774152
2026-09-29 05:00:00,-0.01159283303,0.1096182555,-0.395895089,-0.9354873107,-0.2816988462,0.6025805076,-0.5218452144,0.320537428,-0.3253680438,0.3230966091,-0.1291544283,0.1513115803
2026-09-29 06:00:00,-0.01603572721,0.1026871401,-0.4192245745,-0.9400725101,-0.2822564556,0.6082320324,-0.5210536994,0.3236297718,-0.3207514773,0.3351460866,-0.1272742862,0.1765834933
2026-09-29 07:00:00,-0.02376999044,0.09714224781,-0.4436891828,-0.9443378119,-0.286109388,0.6135636596,-0.5203768668,0.3270420132,-0.3145216999,0.3483685221,-0.124280475,0.1995094903
2026-09-29 08:00:00,-0.03035218478,0.08861164427,-0.4678198491,-0.9463638302,-0.2881362834,0.6192151845,-0.5197289681,0.3306675197,-0.3076454733,0.3602047345,-0.1211115552,0.216890595
2026-09-29 09:00:00,-0.03182064152,0.07986777565,-0.4859014539,-0.9483898486,-0.2882813667,0.6238003839,-0.5190488599,0.3357858819,-0.3021756678,0.3732139049,-0.1190052048,0.2417359778
2026-09-29 10:00:00,-0.02978285546,0.07336319045,-0.4972418988,-0.95180209,-0.285615118,0.6267860951,-0.5185627977,0.3389848582,-0.2999249371,0.383237364,-0.1183013974,0.2643420772
2026-09-29 11:00:00,-0.02389194387,0.06600554489,-0.5051391476,-0.9548944338,-0.2809626611,0.6301983365,-0.518227353,0.3433567925,-0.2995522492,0.3947536788,-0.121190353,0.2883343997
2026-09-29 12:00:00,-0.02676945467,0.06323309874,-0.5098844705,-0.9562806569,-0.2793801353,0.6329707827,-0.5180263314,0.3479419919,-0.2998607132,0.4081893794,-0.1238299587,0.3216037535
2026-09-29 13:00:00,-0.02858783832,0.06269993602,-0.5103889664,-0.9575602474,-0.2769905646,0.6362763916,-0.5175692731,0.3514608659,-0.2985898569,0.4229046705,-0.1239806195,0.351887396
2026-09-29 14:00:00,-0.02766617793,0.06152697803,-0.4993343895,-0.9591597356,-0.2719378565,0.6397952655,-0.5166968166,0.3529537215,-0.2974723592,0.4354873107,-0.1207660974,0.3705480913
2026-09-29 15:00:00,-0.02168938452,0.05939432715,-0.4811751943,-0.9623587119,-0.2653486877,0.6464064833,-0.5175803474,0.353060354,-0.2988128075,0.4461505652,-0.120373774,0.3843036895
2026-09-29 16:00:00,-0.01829178887,0.05779483898,-0.4730959818,-0.9633184048,-0.2568753246,0.651844743,-0.522449569,0.3619108552,-0.300606151,0.4703561527,-0.107260352,0.4025378546
2026-09-29 17:00:00,-0.0230893077,0.05811473662,-0.482293249,-0.9635316699,-0.2611921997,0.654190659,-0.5290467581,0.3764128812,-0.3032291447,0.4888035829,-0.1073133879,0.4187460013
2026-09-29 18:00:00,-0.02794537962,0.05768820644,-0.4903389524,-0.9638515675,-0.2638695119,0.6576029004,-0.5306244664,0.3881424611,-0.3035377533,0.5100234592,-0.105612458,0.4332480273
2026-09-29 19:00:00,-0.03256266423,0.05747494135,-0.4975052048,-0.963744935,-0.2651694853,0.6604819791,-0.5299119593,0.401258264,-0.3027523951,0.527617829,-0.1032235932,0.4472168906
2026-09-30 04:00:00,-0.03692622483,0.05736830881,-0.5063533351,-0.9631051397,-0.2655516839,0.6622947324,-0.5280628148,0.4188526338,-0.3013289855,0.5453188313,-0.1018828439,0.4642780977
2026-09-30 05:00:00,-0.0389650466,0.05790147153,-0.5096460951,-0.9627852421,-0.2648753075,0.6638942205,-0.5257204663,0.4334612924,-0.2993518737,0.5623800384,-0.1000821155,0.4798464491
2026-09-30 06:00:00,-0.03989303207,0.05843463425,-0.5061405657,-0.962571977,-0.2628541147,0.6674130945,-0.5239248592,0.4489230113,-0.296358698,0.5786948177,-0.09957944641,0.4982938793
2026-09-30 07:00:00,-0.03900500808,0.05875453188,-0.5014921963,-0.9624653444,-0.2603516508,0.6691192152,-0.5226104111,0.4621454468,-0.2920395231,0.6002345916,-0.09960475415,0.5165280444
2026-09-30 08:00:00,-0.03493004925,0.05832800171,-0.4712239148,-0.9610791213,-0.2563236085,0.669865643,-0.5216222464,0.479633184,-0.2877871179,0.6195350821,-0.09976292715,0.531349968
2026-09-30 09:00:00,-0.02891062132,0.0575815739,-0.4501315053,-0.9609724888,-0.2518117324,0.6711452335,-0.5242977337,0.4912561314,-0.2894358578,0.6325442525,-0.09922090225,0.5486244402
2026-09-30 10:00:00,-0.01775346984,0.05886116443,-0.4074111122,-0.9607592237,-0.2459497362,0.6730646193,-0.5263694989,0.5070377479,-0.2892313682,0.6467263809,-0.09822630925,0.5657922798
2026-09-30 11:00:00,-0.000239186639,0.05907442952,-0.3611113198,-0.9612923864,-0.2381292973,0.6749840051,-0.5278852764,0.5196203881,-0.2883601993,0.6567498401,-0.09851409885,0.5811473662
2026-09-30 12:00:00,-0.0009105105229,0.05193004905,-0.3654482208,-0.9643847302,-0.2378905511,0.6776498187,-0.5293034155,0.531349968,-0.2865012949,0.669865643,-0.1009424933,0.5945830668
2026-09-30 13:00:00,-0.0001399773444,0.04254638516,-0.3724009353,-0.9675837065,-0.2397454693,0.6817018554,-0.5306494961,0.5414800597,-0.282181296,0.6854339945,-0.1016106764,0.6115376413
2026-09-30 14:00:00,-0.000764193236,0.03508210706,-0.3757252318,-0.9700362551,-0.2409423547,0.6861804223,-0.5316316523,0.5522499467,-0.2766024921,0.6982298998,-0.09900899372,0.6295585413
2026-09-30 15:00:00,-0.008290182462,0.03092343783,-0.3741804818,-0.9724888036,-0.2396250618,0.689272766,-0.5323731222,0.56035402,-0.276962192,0.711985498,-0.09610437546,0.64459373
2026-09-30 16:00:00,-0.0222619575,0.02719129878,-0.3584595199,-0.9740882917,-0.2389507515,0.6922584773,-0.5330652206,0.5692045212,-0.276775661,0.7209426317,-0.09491487999,0.6586692258
2026-09-30 17:00:00,-0.02533829543,0.01962038814,-0.3458838476,-0.9772872681,-0.2369848396,0.6950309234,-0.532757743,0.5790147153,-0.2748670137,0.7294732352,-0.09152096231,0.6706120708
2026-09-30 18:00:00,-0.02319897349,0.01354233312,-0.3297565925,-0.9787801237,-0.2330434365,0.6989763276,-0.5311446749,0.5885050117,-0.2694244091,0.7388568991,-0.08063347152,0.6803156323
2026-09-30 19:00:00,-0.02338131818,0.007570910642,-0.3254609779,-0.9804862444,-0.2308663428,0.7019620388,-0.5307425684,0.5951162295,-0.2687478584,0.7476007678,-0.07933843138,0.6875666453
2026-10-01 04:00:00,-0.0268026268,0.005651524845,-0.3201093093,-0.9813393048,-0.2333661001,0.7034548944,-0.5289908082,0.5998080614,-0.2679131955,0.7545318831,-0.07914143193,0.693964598
2026-10-01 05:00:00,-0.02908126389,0.004905097036,-0.3167236393,-0.9820857326,-0.2317597295,0.705907443,-0.5251160803,0.6041799957,-0.2662025015,0.7610364683,-0.07857307794,0.7005758157
2026-10-01 06:00:00,-0.03004403573,0.003092343783,-0.3091236824,-0.9826188953,-0.2307880934,0.7081467264,-0.5186169005,0.6103646833,-0.263625755,0.7691405417,-0.07692781321,0.7062273406
2026-10-01 07:00:00,-0.03081885595,-0.000853060354,-0.3035958369,-0.9830454255,-0.2325452877,0.7091064193,-0.5086556525,0.6179355939,-0.2593912456,0.7767114523,-0.07602301155,0.7132650885
2026-10-01 08:00:00,-0.03119671831,-0.008317338452,-0.2993674529,-0.9836852207,-0.2337857292,0.7105992749,-0.5002159262,0.6223075283,-0.2474822468,0.7811900192,-0.07552336802,0.7198763062
2026-10-01 09:00:00,-0.02812257239,-0.01215611004,-0.286286129,-0.9841117509,-0.2342346505,0.7116656003,-0.5026278909,0.631264662,-0.2498407871,0.7853486884,-0.08002060569,0.7304329281
2026-10-01 10:00:00,-0.02845878438,-0.01130304969,-0.2763699555,-0.9848581787,-0.2356108297,0.7139048838,-0.5041179468,0.6393687353,-0.2415850245,0.7871614417,-0.08171803076,0.7394966944
2026-10-01 11:00:00,-0.02963066628,-0.00853060354,-0.2640080401,-0.985497974,-0.2366295452,0.7152911068,-0.5051101129,0.6455534229,-0.245157698,0.7892940926,-0.08199381645,0.7463211772
2026-10-01 12:00:00,-0.0260757942,-0.01716783962,-0.2523594935,-0.9882704201,-0.2378866012,0.7169972276,-0.5056923117,0.6493921945,-0.25548282,0.7904670505,-0.09291511043,0.7507997441
2026-10-01 13:00:00,-0.02834973391,-0.03316272126,-0.2394737656,-0.9905097036,-0.239146818,0.7178502879,-0.5031878267,0.6512049478,-0.2627320659,0.791533376,-0.102497742,0.7549584133
2026-10-01 14:00:00,-0.03056380528,-0.04062699936,-0.230567393,-0.9908296012,-0.2408520888,0.7191298784,-0.4982620665,0.6535508637,-0.2618032983,0.7925997014,-0.1044277546,0.75901045
2026-10-01 15:00:00,-0.03153220601,-0.04883770527,-0.229838776,-0.9909362337,-0.2444368029,0.7220089571,-0.4899289382,0.6571763702,-0.2566688753,0.7934527618,-0.1053166403,0.763915547
2026-10-01 16:00:00,-0.02682567475,-0.05288974195,-0.2107016355,-0.9910428663,-0.2482670295,0.7227553849,-0.4821161381,0.6595222862,-0.2492577492,0.793879292,-0.1054365687,0.7671145234
2026-10-01 17:00:00,-0.02380197428,-0.05886116443,-0.2039371503,-0.9911494988,-0.2523928444,0.7243548731,-0.4797560527,0.6583493282,-0.2476027111,0.7951588825,-0.107455033,0.7708466624
2026-10-01 18:00:00,-0.02435121454,-0.06728513542,-0.208173427,-0.9912561314,-0.2575886631,0.7258477287,-0.4773315258,0.6576029004,-0.2455759573,0.7962252079,-0.1099281884,0.7743655364
2026-10-01 19:00:00,-0.02540480423,-0.07922798038,-0.2086885615,-0.9913627639,-0.2616855128,0.7269140542,-0.4741474335,0.6564299424,-0.2426464224,0.7971849008,-0.1120750516,0.7778844103
2026-10-02 04:00:00,-0.03047142445,-0.09309021113,-0.224728279,-0.9914693965,-0.2647572339,0.7286201749,-0.470176045,0.6546171892,-0.2382825632,0.7980379612,-0.1139875924,0.7815099168
2026-10-02 05:00:00,-0.03715515099,-0.1053529537,-0.2398729861,-0.991576029,-0.2670495017,0.7296865003,-0.4656486011,0.6531243335,-0.231610636,0.7996374493,-0.1159465227,0.7848155257
2026-10-02 06:00:00,-0.03931878424,-0.1174024312,-0.2450933878,-0.9916826615,-0.2684996306,0.7298997654,-0.4601231329,0.6520580081,-0.2219694268,0.8010236724,-0.117174689,0.7889741949
2026-10-02 07:00:00,-0.0393467503,-0.1313712945,-0.2487576299,-0.9917892941,-0.2694129829,0.7312859885,-0.4585974042,0.6537641288,-0.2084653818,0.8024098955,-0.1175312966,0.7918532736
2026-10-02 08:00:00,-0.04028065522,-0.141074856,-0.2488011138,-0.9918959266,-0.2702273101,0.7314992536,-0.4546507125,0.6563233099,-0.1952490026,0.8033695884,-0.1175852977,0.7945190872
2026-10-02 09:00:00,-0.04105429892,-0.1490722969,-0.2487292187,-0.9920025592,-0.2674789612,0.7318191512,-0.4476902897,0.6536574963,-0.188235603,0.8028364257,-0.1180313653,0.7977180636
2026-10-02 10:00:00,-0.03878883283,-0.1567498401,-0.2472043788,-0.9921091917,-0.2652838535,0.7322456814,-0.4480749594,0.6560034122,-0.179260569,0.8014502026,-0.1194725974,0.7997440819
2026-10-02 11:00:00,-0.03683344547,-0.1685860525,-0.2462102553,-0.9922158243,-0.2645882647,0.7341650672,-0.448561762,0.6586692258,-0.1797989248,0.8026231606,-0.119470762,0.8026231606
2026-10-02 12:00:00,-0.03508127179,-0.1813819578,-0.243209721,-0.9923224568,-0.2739634392,0.7351247601,-0.4478404985,0.6615483045,-0.1854379734,0.8039027511,-0.1244070644,0.8046491789
2026-10-02 13:00:00,-0.03252325219,-0.1921518447,-0.2410767765,-0.9924290894,-0.2798017953,0.7364043506,-0.4444788251,0.6641074856,-0.1914757571,0.8053956067,-0.1281555534,0.8082746854
2026-10-02 14:00:00,-0.02995891124,-0.2015355086,-0.2377689445,-0.992748987,-0.283296957,0.7369375133,-0.4372604487,0.6668799318,-0.1945521082,0.8066751973,-0.1296709697,0.8119001919
2026-10-02 15:00:00,-0.02732119655,-0.2089997867,-0.2364768904,-0.9928556195,-0.2865354776,0.7381104713,-0.4223212649,0.6716783962,-0.1953754646,0.8076348902,-0.1308387171,0.8145660055
2026-10-02 16:00:00,-0.02365723375,-0.2172104926,-0.2690919446,-0.9925357219,-0.2876696392,0.7385370015,-0.40638614,0.6737044146,-0.1947339091,0.8091277458,-0.1314587751,0.8172318192
2026-10-02 17:00:00,-0.01921094882,-0.2269140542,-0.2630530609,-0.9926423544,-0.2866963698,0.7390701642,-0.4098387719,0.672211559,-0.194166628,0.8104073363,-0.1339004777,0.8198976328
2026-10-02 18:00:00,-0.01353693954,-0.237257411,-0.2783946151,-0.9929622521,-0.2838783464,0.7400298571,-0.4123301552,0.6695457454,-0.1936239099,0.8111537641,-0.1366952985,0.8233098742
2026-10-02 19:00:00,-0.0004026399503,-0.2451482192,-0.2784565395,-0.9940285775,-0.2726821684,0.7405630198,-0.4125814038,0.6657069738,-0.1914103622,0.8113670292,-0.1392878167,0.82522926
2026-10-05 04:00:00,0.01698273542,-0.2557048411,-0.2795361336,-0.9952015355,-0.2582024894,0.7406696524,-0.4089691491,0.6619748347,-0.1870439233,0.8117935594,-0.1423597862,0.8269353807
2026-10-05 05:00:00,0.04341216876,-0.266261463,-0.2738528139,-0.9954148006,-0.2349415221,0.7407762849,-0.3993884106,0.6584559608,-0.1756857207,0.8120068245,-0.1425537339,0.8283216038
2026-10-05 06:00:00,0.05168648518,-0.2786308381,-0.284396348,-0.9957346982,-0.2362048105,0.7413094476,-0.3928822374,0.6569631051,-0.1715296258,0.8126466197,-0.1402111234,0.8292812967
2026-10-05 07:00:00,0.04905302151,-0.3158455961,-0.3061201588,-0.9973341864,-0.2365393779,0.7423757731,-0.393731591,0.6551503519,-0.1773402161,0.8137129452,-0.1497816136,0.8307741523
2026-10-05 08:00:00,0.04885623126,-0.344636383,-0.3185953115,-0.997654084,-0.2479256459,0.7434420985,-0.3912416185,0.6528044359,-0.1834078827,0.8148859032,-0.160376452,0.8329068032
2026-10-05 09:00:00,0.05222601458,-0.3835572617,-0.3267312014,-0.9979739817,-0.2274800157,0.7439752612,-0.3850211731,0.6548304543,-0.1889777452,0.8169119215,-0.170637697,0.8346129239
2026-10-05 10:00:00,0.0575018996,-0.4214118149,-0.3269644259,-0.9984005118,-0.2363454358,0.7463211772,-0.3928101383,0.6573896353,-0.1923334412,0.8185114097,-0.1805351081,0.8371721049
2026-10-05 11:00:00,0.05789457505,-0.4538281083,-0.3168442329,-0.998827042,-0.242518898,0.7480272979,-0.4062934222,0.6606952442,-0.1985821823,0.8202175304,-0.1895435529,0.8398379185
2026-10-05 12:00:00,0.05215213558,-0.4668372787,-0.3130142136,-0.9990403071,-0.2405835359,0.7497334186,-0.4172205717,0.66261463,-0.2041584674,0.8232032416,-0.1968170883,0.8438899552
2026-10-05 13:00:00,0.04826694684,-0.4737683941,-0.3077763262,-0.9991469396,-0.2269890182,0.751759437,-0.4244174626,0.6659202389,-0.2078493677,0.8257624227,-0.2012641493,0.8475154617
2026-10-05 14:00:00,0.04695680534,-0.475901045,-0.2990705665,-0.9995734698,-0.2195134433,0.7532522926,-0.4237054609,0.6693324803,-0.2059960779,0.827788441,-0.200795301,0.8511409682
2026-10-05 15:00:00,0.04823220623,-0.4778204308,-0.2919778165,-0.9998933675,-0.2173885062,0.7538920879,-0.4089116494,0.6718916613,-0.1963641936,0.8307741523,-0.1959751252,0.8538067818
2026-10-05 16:00:00,0.05052310705,-0.4783535935,-0.2887672169,-0.9997867349,-0.2184615144,0.7536788228,-0.3925783586,0.6730646193,-0.1855775112,0.8337598635,-0.2355926924,0.8531669866
2026-10-05 17:00:00,0.05326420799,-0.4776071657,-0.287032923,-0.9996801024,-0.2193505181,0.7530390275,-0.393029749,0.671038601,-0.1872042385,0.8320537428,-0.271236079,0.8503945404
2026-10-05 18:00:00,0.05701534182,-0.4791000213,-0.2853474969,-0.9994668373,-0.2197273051,0.7525058648,-0.393239096,0.6671998294,-0.1879882173,0.8300277245,-0.2837735182,0.8479419919
2026-10-05 19:00:00,0.06069872481,-0.4800597142,-0.2823333018,-0.9993602047,-0.2213863843,0.7519727021,-0.3933135991,0.6652804436,-0.1881637849,0.8281083387,-0.2853356812,0.845809341
2026-10-06 04:00:00,0.06487795919,-0.4769673704,-0.2810166853,-0.9992535722,-0.2226539431,0.7515461719,-0.3932303576,0.6625079974,-0.187978973,0.8268287481,-0.2804532576,0.8423970996
2026-10-06 05:00:00,0.06903656135,-0.4718490083,-0.2809806927,-0.9989336746,-0.2237870263,0.7507997441,-0.3926916379,0.6611217744,-0.1865471034,0.8258690552,-0.2706016165,0.8402644487
2026-10-06 06:00:00,0.07342470409,-0.4629985071,-0.2806503037,-0.9987204095,-0.2260482588,0.7502665814,-0.3921975848,0.6582426957,-0.1859113168,0.8248027298,-0.2588558326,0.8379185327
2026-10-06 07:00:00,0.07829380733,-0.4511622947,-0.2792263952,-0.9986137769,-0.230130238,0.7496267861,-0.3956135052,0.6522712732,-0.1861038631,0.8229899765,-0.2459594322,0.8349328215
2026-10-06 08:00:00,0.08297101118,-0.4363403711,-0.2776478961,-0.9985071444,-0.231987959,0.7490936234,-0.4019743484,0.6473661762,-0.1866989807,0.8208573257,-0.2311873881,0.8325869055
2026-10-06 09:00:00,0.0880820686,-0.4187460013,-0.2772473926,-0.9982938793,-0.2301125407,0.7487737257,-0.4109693073,0.6400085306,-0.1887087057,0.8189379399,-0.2485748859,0.831307315
2026-10-06 10:00:00,0.09476259625,-0.4013648966,-0.2772083166,-0.9981872467,-0.2230207732,0.7481339305,-0.4223859378,0.633823843,-0.1919046683,0.8163787588,-0.260117457,0.8299210919
2026-10-06 11:00:00,0.09783272378,-0.3798251226,-0.2762562744,-0.9980806142,-0.2107456381,0.7467477074,-0.43572699,0.6269993602,-0.1946940314,0.8136063126,-0.2584519301,0.828961399
2026-10-06 12:00:00,0.103224441,-0.3527404564,-0.2750171438,-0.9978673491,-0.2064582619,0.7454681169,-0.4505120699,0.6210279377,-0.1940743874,0.8116869269,-0.2558041813,0.8274685434
2026-10-06 13:00:00,0.1079770602,-0.3357858819,-0.2750207239,-0.9977607166,-0.2007780426,0.7417359778,-0.4670159465,0.6146299851,-0.1922438753,0.809554276,-0.2522083083,0.8259756878
2026-10-06 14:00:00,0.1138662808,-0.3227767115,-0.2707292716,-0.9975474515,-0.1925380148,0.7393900618,-0.4793712525,0.6058861164,-0.1874833773,0.8069950949,-0.2473702768,0.8243761996
2026-10-06 15:00:00,0.1167944026,-0.3113670292,-0.2650111565,-0.9974408189,-0.1866213895,0.7374706761,-0.488501547,0.5994881638,-0.1784142758,0.8044359138,-0.2426242556,0.8221369162
2026-10-06 16:00:00,0.1127750352,-0.3061420345,-0.2598036401,-0.9972275538,-0.1818833755,0.7359778204,-0.4950931277,0.592876946,-0.1675186286,0.8017701002,-0.2379410982,0.8192578375
2026-10-06 17:00:00,0.1122081381,-0.2953721476,-0.2562808352,-0.9971209213,-0.1764487035,0.7344849648,-0.5065273729,0.5896779697,-0.1689828132,0.7998507144,-0.2368000486,0.8178716144
2026-10-06 18:00:00,0.1040217187,-0.2902537855,-0.2564864764,-0.9968010237,-0.168039836,0.7336319045,-0.5154578713,0.5863723608,-0.1714140727,0.7981445937,-0.2378081956,0.816805289
2026-10-06 19:00:00,0.09372513398,-0.2851354233,-0.2553572629,-0.9961612284,-0.1584102559,0.7321390488,-0.5199946705,0.5824269567,-0.1726406957,0.7970782683,-0.2414799995,0.8159522286
2026-10-07 04:00:00,0.08097428572,-0.2833226701,-0.2582217372,-0.9958413308,-0.1636286034,0.7311793559,-0.5176588658,0.5774152271,-0.1720159297,0.7957986778,-0.2463159372,0.8143527405
2026-10-07 05:00:00,0.06539687355,-0.2839624653,-0.2652513265,-0.9960545959,-0.1746646557,0.7293666027,-0.507620025,0.5716570697,-0.1691254033,0.7944124547,-0.2514325213,0.8130731499
2026-10-07 06:00:00,0.04967212057,-0.2821497121,-0.2752020539,-0.996267861,-0.1803087178,0.7260609938,-0.4859833258,0.5677116656,-0.1626011758,0.792706334,-0.2565582346,0.8113670292
2026-10-07 07:00:00,0.02911038062,-0.285455321,-0.2831000913,-0.9963744935,-0.183310332,0.724141608,-0.4456296451,0.5630198337,-0.1494576874,0.7917466411,-0.2651106318,0.8108338665
2026-10-07 08:00:00,0.01539811285,-0.2826828748,-0.2825758146,-0.996481126,-0.1886339842,0.7228620175,-0.3666230023,0.560140755,-0.1262666923,0.7905736831,-0.2752314089,0.8103007038
2026-10-07 09:00:00,0.002728617642,-0.2837492003,-0.2777039136,-0.9966943911,-0.1899141118,0.7221155897,-0.2779824451,0.5576882064,-0.1095340845,0.7899338878,-0.2859365495,0.8105139689
2026-10-07 10:00:00,-0.00769276041,-0.2871614417,-0.2677560029,-0.9969076562,-0.1881547256,0.719236511,-0.3121122275,0.5194071231,-0.1097522273,0.7863083813,-0.2925494757,0.8096609085
2026-10-07 11:00:00,-0.01114009903,-0.2883343997,-0.2558519352,-0.9970142888,-0.186014313,0.7173171252,-0.3450948475,0.4579867776,-0.1132662745,0.7830027724,-0.3018132703,0.8089144807
2026-10-07 12:00:00,-0.01841079748,-0.2827895074,-0.2536103083,-0.9965877586,-0.1856802458,0.7160375347,-0.3729266816,0.4042439753,-0.1148257493,0.7762849222,-0.3104912971,0.8077415227
2026-10-07 13:00:00,-0.02598291942,-0.2760716571,-0.2557712226,-0.9959479633,-0.1862900121,0.7146513116,-0.3914359357,0.3567924931,-0.1185338608,0.7634890168,-0.3214834268,0.8057155044
2026-10-07 14:00:00,-0.03149686569,-0.2688206441,-0.2596361758,-0.9956280657,-0.1852956327,0.7134783536,-0.3903710596,0.2875879718,-0.1209614762,0.7531456601,-0.3311596121,0.8039027511
2026-10-07 15:00:00,-0.03367966762,-0.2617828961,-0.26096717,-0.9955214331,-0.1829310504,0.7123053956,-0.3468461902,0.202388569,-0.1166527802,0.7417359778,-0.3356060325,0.8021966304
2026-10-07 16:00:00,-0.03123622344,-0.2550650459,-0.2599791247,-0.9953081681,-0.1795175912,0.7111324376,-0.2898034425,0.1032203028,-0.1107682105,0.7297931329,-0.3386472649,0.8001706121
2026-10-07 17:00:00,-0.01975633656,-0.2477074003,-0.2588900469,-0.995094903,-0.1773757521,0.7095329495,-0.2938215667,0.08509277031,-0.1115902842,0.7219023246,-0.3539179437,0.7928129665
2026-10-07 18:00:00,-0.01010604885,-0.238643634,-0.2579638239,-0.993921945,-0.1757046442,0.7085732566,-0.2963426371,0.06387289401,-0.111575043,0.7149712092,-0.3792155753,0.7876946044
2026-10-07 19:00:00,-0.004022374813,-0.230006398,-0.2583746462,-0.9931755172,-0.1757722929,0.7067605033,-0.2950383608,0.04094689699,-0.1111228166,0.7034548944,-0.3835272625,0.7811900192
2026-10-08 04:00:00,-0.002364228494,-0.2284069098,-0.2657519405,-0.9930688846,-0.1757647724,0.7044145873,-0.2908732082,0.02228620175,-0.1101914681,0.6908722542,-0.3751140143,0.7747920665
2026-10-08 05:00:00,-0.005471655702,-0.2285135423,-0.2779340426,-0.9932821497,-0.1772705196,0.7020686714,-0.284341586,0.004478566859,-0.1089099441,0.6787161442,-0.4212417852,0.7709532949
2026-10-08 06:00:00,-0.01059214662,-0.2314992536,-0.2928129163,-0.9933887823,-0.1775423459,0.6991895927,-0.2750904571,-0.01823416507,-0.1073768069,0.6636809554,-0.4671757869,0.7670078908
2026-10-08 07:00:00,-0.01266682686,-0.2357645553,-0.3042357706,-0.9936020473,-0.1771710954,0.695137556,-0.2664323188,-0.04766474728,-0.1062874534,0.6516314779,-0.489607549,0.7629558541
2026-10-08 08:00:00,-0.01305442335,-0.2380038388,-0.3135447324,-0.9943484752,-0.1761156158,0.6926850075,-0.2479023435,-0.07187033483,-0.1084411119,0.6353166987,-0.5002616985,0.7565579015
2026-10-08 09:00:00,-0.01431343082,-0.2388568991,-0.3236983737,-0.9938153124,-0.1731644566,0.6894860311,-0.2342032036,-0.08946470463,-0.1080583484,0.6136702922,-0.5053298553,0.7497334186
2026-10-08 10:00:00,-0.01746165807,-0.2381104713,-0.3321403212,-0.9934954148,-0.1695984921,0.686713585,-0.2453472983,-0.09223715078,-0.1084906047,0.591490723,-0.5081736511,0.7426956707
2026-10-08 11:00:00,-0.0171163025,-0.2406696524,-0.3376602706,-0.9937086799,-0.1594404705,0.6810620601,-0.2492766687,-0.09458306675,-0.1093386148,0.5695244189,-0.5097617303,0.7346982299
2026-10-08 12:00:00,-0.01647372931,-0.2414160802,-0.3416331728,-0.9942418426,-0.1598893696,0.6791426743,-0.2402090617,-0.09778204308,-0.1099969966,0.5483045425,-0.5097524648,0.7242482406
2026-10-08 13:00:00,-0.01883713531,-0.2452548518,-0.3450205816,-0.9945617402,-0.1594339443,0.6764768607,-0.2352710753,-0.1005544892,-0.1191563705,0.5267647686,-0.5120802109,0.7153977394
2026-10-08 14:00:00,-0.01919307475,-0.2511196417,-0.3437647187,-0.9946683728,-0.1577886994,0.6745574749,-0.2413126285,-0.1217743655,-0.1257995074,0.501172958,-0.5135386613,0.7056941779
2026-10-08 15:00:00,-0.01877851892,-0.2548517808,-0.3405561856,-0.9947750053,-0.154265987,0.6729579868,-0.2456608351,-0.1365962892,-0.1295646272,0.474728087,-0.5123029166,0.6949242909
2026-10-08 16:00:00,-0.01913766807,-0.2582640222,-0.3328553383,-0.9949882704,-0.1523571557,0.6695457454,-0.2491181493,-0.1521646406,-0.1315818824,0.4455107699,-0.5123251969,0.6854339945
2026-10-08 17:00:00,-0.02009673151,-0.2615696311,-0.3252657832,-0.9948816379,-0.1503684216,0.6621880998,-0.2534337522,-0.1749840051,-0.1332688236,0.4191725315,-0.5116299068,0.6741309448
2026-10-08 18:00:00,-0.02270063762,-0.2642354447,-0.3195884579,-0.9944551077,-0.1463148452,0.6537641288,-0.2594987628,-0.2034548944,-0.1361740757,0.3920878652,-0.5116078427,0.6573896353
2026-10-08 19:00:00,-0.02451334861,-0.2649818725,-0.3159548594,-0.9941352101,-0.1427321186,0.6439539347,-0.2666317288,-0.2289400725,-0.1400874766,0.3693751333,-0.5118220597,0.6403284282
