date,Portfolio,SPX,VTI
2026-07-31,100.0000,100.0000,100.0000
2026-08-03,107.2433,101.4243,101.5290
2026-08-04,108.8661,103.2529,103.4247
2026-08-05,107.2286,103.0467,103.1069
2026-08-06,107.5323,102.8821,102.9494
2026-08-07,109.4826,103.5112,103.6854
2026-08-10,109.2262,103.4804,103.6447
2026-08-11,108.1409,103.1498,103.3785
2026-08-12,108.9000,103.4082,103.6990
2026-08-13,112.9657,104.1297,104.3698
2026-08-14,117.5022,103.9235,104.2476
2026-08-17,112.7723,103.4323,103.7805
2026-08-18,110.8266,102.7335,102.9413
2026-08-19,114.9147,102.9490,103.1993
2026-08-20,118.0180,102.0843,102.2732
2026-08-21,117.9672,102.5019,102.7240
2026-08-24,118.3178,102.2007,102.4062
2026-08-25,119.6425,102.5273,102.6995
2026-08-26,123.2857,102.5501,102.7213
2026-08-27,123.9629,103.2221,103.3731
2026-08-28,122.6981,102.9878,103.0282
2026-08-31,125.5475,102.6799,102.6995
2026-09-01,122.4757,101.9745,101.8902
2026-09-02,121.4631,102.4269,102.3546
2026-09-03,119.5959,103.4992,103.4546
2026-09-04,120.9661,103.1003,103.1286
2026-09-08,123.2058,102.5340,102.5502
2026-09-09,123.9990,102.0575,101.9961
2026-09-10,122.4896,101.4457,101.3661
2026-09-11,123.7291,102.3105,102.1998
2026-09-14,120.4924,101.8540,101.7571
2026-09-15,120.6402,101.3868,101.2574
2026-09-16,119.4629,100.9397,100.8283
2026-09-17,117.1053,102.0843,101.9364
2026-09-18,118.5755,101.9624,101.9608
2026-09-21,121.9437,103.5434,103.5007
2026-09-22,126.1918,103.5273,103.5469
2026-09-23,128.0064,102.7817,102.7213
2026-09-24,126.8823,102.6973,102.6805
2026-09-25,123.4423,103.2556,103.1395
2026-09-28,123.0061,102.4872,102.0722
2026-09-29,125.0041,102.2984,101.9147
2026-09-30,126.5387,102.0883,101.6377
2026-10-01,136.0323,102.2703,101.8929
2026-10-02,132.3514,103.0267,102.6561
2026-10-05,132.7197,103.7214,103.3649
2026-10-06,132.7693,104.2917,103.8918
